"","Table 3#9#3# Real Government Consumption Expenditures and Gross ","F2","F3","F4","F5","F6","F7","F8","F9","F10","F11","F12","F13","F14","F15","F16","F17","F18","F19","F20","F21","F22","F23","F24","F25","F26","F27","F28","F29","F30","F31","F32","F33","F34","F35","F36","F37","F38","F39","F40","F41","F42","F43","F44","F45","F46","F47","F48","F49","F50","F51","F52","F53","F54","F55","F56","F57","F58","F59","F60","F61","F62","F63","F64","F65","F66","F67","F68","F69","F70","F71","F72","F73","F74","F75","F76","F77","F78","F79","F80","F81","F82","F83","F84","F85","F86","F87","F88","F89","F90","F91","F92","F93","F94","F95","F96","F97","F98","F99","F100","F101","F102","F103","F104","F105","F106","F107","F108","F109","F110","F111","F112","F113","F114","F115","F116","F117","F118","F119","F120","F121","F122","F123","F124","F125","F126","F127","F128","F129","F130","F131","F132","F133","F134","F135","F136","F137","F138","F139","F140","F141","F142","F143","F144","F145","F146","F147","F148","F149","F150","F151","F152","F153","F154","F155","F156","F157","F158","F159","F160","F161","F162","F163","F164","F165","F166","F167","F168","F169","F170","F171","F172","F173","F174","F175","F176","F177","F178","F179","F180","F181","F182","F183","F184","F185","F186","F187","F188","F189","F190","F191","F192","F193","F194","F195","F196","F197","F198","F199","F200","F201","F202","F203","F204","F205","F206","F207","F208","F209","F210","F211","F212","F213","F214","F215","F216","F217","F218","F219","F220","F221","F222","F223","F224","F225","F226","F227","F228","F229","F230","F231","F232","F233","F234","F235","F236","F237","F238","F239","F240","F241","F242","F243","F244","F245","F246","F247","F248","F249","F250","F251","F252","F253","F254","F255"
"1","[Index numbers, 2005=100]; Seasonally adjusted                                                                                 ",NA,NA,NA,NA,NA,NA,NA,NA,NA,NA,NA,NA,NA,NA,NA,NA,NA,NA,NA,NA,NA,NA,NA,NA,NA,NA,NA,NA,NA,NA,NA,NA,NA,NA,NA,NA,NA,NA,NA,NA,NA,NA,NA,NA,NA,NA,NA,NA,NA,NA,NA,NA,NA,NA,NA,NA,NA,NA,NA,NA,NA,NA,NA,NA,NA,NA,NA,NA,NA,NA,NA,NA,NA,NA,NA,NA,NA,NA,NA,NA,NA,NA,NA,NA,NA,NA,NA,NA,NA,NA,NA,NA,NA,NA,NA,NA,NA,NA,NA,NA,NA,NA,NA,NA,NA,NA,NA,NA,NA,NA,NA,NA,NA,NA,NA,NA,NA,NA,NA,NA,NA,NA,NA,NA,NA,NA,NA,NA,NA,NA,NA,NA,NA,NA,NA,NA,NA,NA,NA,NA,NA,NA,NA,NA,NA,NA,NA,NA,NA,NA,NA,NA,NA,NA,NA,NA,NA,NA,NA,NA,NA,NA,NA,NA,NA,NA,NA,NA,NA,NA,NA,NA,NA,NA,NA,NA,NA,NA,NA,NA,NA,NA,NA,NA,NA,NA,NA,NA,NA,NA,NA,NA,NA,NA,NA,NA,NA,NA,NA,NA,NA,NA,NA,NA,NA,NA,NA,NA,NA,NA,NA,NA,NA,NA,NA,NA,NA,NA,NA,NA,NA,NA,NA,NA,NA,NA,NA,NA,NA,NA,NA,NA,NA,NA,NA,NA,NA,NA,NA,NA,NA,NA,NA,NA,NA,NA,NA,NA,NA,NA,NA,NA,NA,NA
"2","Quarterly data from 1947 To 2009",NA,NA,NA,NA,NA,NA,NA,NA,NA,NA,NA,NA,NA,NA,NA,NA,NA,NA,NA,NA,NA,NA,NA,NA,NA,NA,NA,NA,NA,NA,NA,NA,NA,NA,NA,NA,NA,NA,NA,NA,NA,NA,NA,NA,NA,NA,NA,NA,NA,NA,NA,NA,NA,NA,NA,NA,NA,NA,NA,NA,NA,NA,NA,NA,NA,NA,NA,NA,NA,NA,NA,NA,NA,NA,NA,NA,NA,NA,NA,NA,NA,NA,NA,NA,NA,NA,NA,NA,NA,NA,NA,NA,NA,NA,NA,NA,NA,NA,NA,NA,NA,NA,NA,NA,NA,NA,NA,NA,NA,NA,NA,NA,NA,NA,NA,NA,NA,NA,NA,NA,NA,NA,NA,NA,NA,NA,NA,NA,NA,NA,NA,NA,NA,NA,NA,NA,NA,NA,NA,NA,NA,NA,NA,NA,NA,NA,NA,NA,NA,NA,NA,NA,NA,NA,NA,NA,NA,NA,NA,NA,NA,NA,NA,NA,NA,NA,NA,NA,NA,NA,NA,NA,NA,NA,NA,NA,NA,NA,NA,NA,NA,NA,NA,NA,NA,NA,NA,NA,NA,NA,NA,NA,NA,NA,NA,NA,NA,NA,NA,NA,NA,NA,NA,NA,NA,NA,NA,NA,NA,NA,NA,NA,NA,NA,NA,NA,NA,NA,NA,NA,NA,NA,NA,NA,NA,NA,NA,NA,NA,NA,NA,NA,NA,NA,NA,NA,NA,NA,NA,NA,NA,NA,NA,NA,NA,NA,NA,NA,NA,NA,NA,NA,NA,NA
"3","Bureau of Economic Analysis",NA,NA,NA,NA,NA,NA,NA,NA,NA,NA,NA,NA,NA,NA,NA,NA,NA,NA,NA,NA,NA,NA,NA,NA,NA,NA,NA,NA,NA,NA,NA,NA,NA,NA,NA,NA,NA,NA,NA,NA,NA,NA,NA,NA,NA,NA,NA,NA,NA,NA,NA,NA,NA,NA,NA,NA,NA,NA,NA,NA,NA,NA,NA,NA,NA,NA,NA,NA,NA,NA,NA,NA,NA,NA,NA,NA,NA,NA,NA,NA,NA,NA,NA,NA,NA,NA,NA,NA,NA,NA,NA,NA,NA,NA,NA,NA,NA,NA,NA,NA,NA,NA,NA,NA,NA,NA,NA,NA,NA,NA,NA,NA,NA,NA,NA,NA,NA,NA,NA,NA,NA,NA,NA,NA,NA,NA,NA,NA,NA,NA,NA,NA,NA,NA,NA,NA,NA,NA,NA,NA,NA,NA,NA,NA,NA,NA,NA,NA,NA,NA,NA,NA,NA,NA,NA,NA,NA,NA,NA,NA,NA,NA,NA,NA,NA,NA,NA,NA,NA,NA,NA,NA,NA,NA,NA,NA,NA,NA,NA,NA,NA,NA,NA,NA,NA,NA,NA,NA,NA,NA,NA,NA,NA,NA,NA,NA,NA,NA,NA,NA,NA,NA,NA,NA,NA,NA,NA,NA,NA,NA,NA,NA,NA,NA,NA,NA,NA,NA,NA,NA,NA,NA,NA,NA,NA,NA,NA,NA,NA,NA,NA,NA,NA,NA,NA,NA,NA,NA,NA,NA,NA,NA,NA,NA,NA,NA,NA,NA,NA,NA,NA,NA,NA,NA
"4","Data published January 29, 2010  ",NA,NA,NA,NA,NA,NA,NA,NA,NA,NA,NA,NA,NA,NA,NA,NA,NA,NA,NA,NA,NA,NA,NA,NA,NA,NA,NA,NA,NA,NA,NA,NA,NA,NA,NA,NA,NA,NA,NA,NA,NA,NA,NA,NA,NA,NA,NA,NA,NA,NA,NA,NA,NA,NA,NA,NA,NA,NA,NA,NA,NA,NA,NA,NA,NA,NA,NA,NA,NA,NA,NA,NA,NA,NA,NA,NA,NA,NA,NA,NA,NA,NA,NA,NA,NA,NA,NA,NA,NA,NA,NA,NA,NA,NA,NA,NA,NA,NA,NA,NA,NA,NA,NA,NA,NA,NA,NA,NA,NA,NA,NA,NA,NA,NA,NA,NA,NA,NA,NA,NA,NA,NA,NA,NA,NA,NA,NA,NA,NA,NA,NA,NA,NA,NA,NA,NA,NA,NA,NA,NA,NA,NA,NA,NA,NA,NA,NA,NA,NA,NA,NA,NA,NA,NA,NA,NA,NA,NA,NA,NA,NA,NA,NA,NA,NA,NA,NA,NA,NA,NA,NA,NA,NA,NA,NA,NA,NA,NA,NA,NA,NA,NA,NA,NA,NA,NA,NA,NA,NA,NA,NA,NA,NA,NA,NA,NA,NA,NA,NA,NA,NA,NA,NA,NA,NA,NA,NA,NA,NA,NA,NA,NA,NA,NA,NA,NA,NA,NA,NA,NA,NA,NA,NA,NA,NA,NA,NA,NA,NA,NA,NA,NA,NA,NA,NA,NA,NA,NA,NA,NA,NA,NA,NA,NA,NA,NA,NA,NA,NA,NA,NA,NA,NA,NA
"5","File created 1/28/2010 1:05:04 PM",NA,NA,NA,NA,NA,NA,NA,NA,NA,NA,NA,NA,NA,NA,NA,NA,NA,NA,NA,NA,NA,NA,NA,NA,NA,NA,NA,NA,NA,NA,NA,NA,NA,NA,NA,NA,NA,NA,NA,NA,NA,NA,NA,NA,NA,NA,NA,NA,NA,NA,NA,NA,NA,NA,NA,NA,NA,NA,NA,NA,NA,NA,NA,NA,NA,NA,NA,NA,NA,NA,NA,NA,NA,NA,NA,NA,NA,NA,NA,NA,NA,NA,NA,NA,NA,NA,NA,NA,NA,NA,NA,NA,NA,NA,NA,NA,NA,NA,NA,NA,NA,NA,NA,NA,NA,NA,NA,NA,NA,NA,NA,NA,NA,NA,NA,NA,NA,NA,NA,NA,NA,NA,NA,NA,NA,NA,NA,NA,NA,NA,NA,NA,NA,NA,NA,NA,NA,NA,NA,NA,NA,NA,NA,NA,NA,NA,NA,NA,NA,NA,NA,NA,NA,NA,NA,NA,NA,NA,NA,NA,NA,NA,NA,NA,NA,NA,NA,NA,NA,NA,NA,NA,NA,NA,NA,NA,NA,NA,NA,NA,NA,NA,NA,NA,NA,NA,NA,NA,NA,NA,NA,NA,NA,NA,NA,NA,NA,NA,NA,NA,NA,NA,NA,NA,NA,NA,NA,NA,NA,NA,NA,NA,NA,NA,NA,NA,NA,NA,NA,NA,NA,NA,NA,NA,NA,NA,NA,NA,NA,NA,NA,NA,NA,NA,NA,NA,NA,NA,NA,NA,NA,NA,NA,NA,NA,NA,NA,NA,NA,NA,NA,NA,NA,NA
"6",NA,NA,NA,NA,NA,NA,NA,NA,NA,NA,NA,NA,NA,NA,NA,NA,NA,NA,NA,NA,NA,NA,NA,NA,NA,NA,NA,NA,NA,NA,NA,NA,NA,NA,NA,NA,NA,NA,NA,NA,NA,NA,NA,NA,NA,NA,NA,NA,NA,NA,NA,NA,NA,NA,NA,NA,NA,NA,NA,NA,NA,NA,NA,NA,NA,NA,NA,NA,NA,NA,NA,NA,NA,NA,NA,NA,NA,NA,NA,NA,NA,NA,NA,NA,NA,NA,NA,NA,NA,NA,NA,NA,NA,NA,NA,NA,NA,NA,NA,NA,NA,NA,NA,NA,NA,NA,NA,NA,NA,NA,NA,NA,NA,NA,NA,NA,NA,NA,NA,NA,NA,NA,NA,NA,NA,NA,NA,NA,NA,NA,NA,NA,NA,NA,NA,NA,NA,NA,NA,NA,NA,NA,NA,NA,NA,NA,NA,NA,NA,NA,NA,NA,NA,NA,NA,NA,NA,NA,NA,NA,NA,NA,NA,NA,NA,NA,NA,NA,NA,NA,NA,NA,NA,NA,NA,NA,NA,NA,NA,NA,NA,NA,NA,NA,NA,NA,NA,NA,NA,NA,NA,NA,NA,NA,NA,NA,NA,NA,NA,NA,NA,NA,NA,NA,NA,NA,NA,NA,NA,NA,NA,NA,NA,NA,NA,NA,NA,NA,NA,NA,NA,NA,NA,NA,NA,NA,NA,NA,NA,NA,NA,NA,NA,NA,NA,NA,NA,NA,NA,NA,NA,NA,NA,NA,NA,NA,NA,NA,NA,NA,NA,NA,NA,NA,NA
"7","Line",NA,NA,1947,1947,1947,1947,1948,1948,1948,1948,1949,1949,1949,1949,1950,1950,1950,1950,1951,1951,1951,1951,1952,1952,1952,1952,1953,1953,1953,1953,1954,1954,1954,1954,1955,1955,1955,1955,1956,1956,1956,1956,1957,1957,1957,1957,1958,1958,1958,1958,1959,1959,1959,1959,1960,1960,1960,1960,1961,1961,1961,1961,1962,1962,1962,1962,1963,1963,1963,1963,1964,1964,1964,1964,1965,1965,1965,1965,1966,1966,1966,1966,1967,1967,1967,1967,1968,1968,1968,1968,1969,1969,1969,1969,1970,1970,1970,1970,1971,1971,1971,1971,1972,1972,1972,1972,1973,1973,1973,1973,1974,1974,1974,1974,1975,1975,1975,1975,1976,1976,1976,1976,1977,1977,1977,1977,1978,1978,1978,1978,1979,1979,1979,1979,1980,1980,1980,1980,1981,1981,1981,1981,1982,1982,1982,1982,1983,1983,1983,1983,1984,1984,1984,1984,1985,1985,1985,1985,1986,1986,1986,1986,1987,1987,1987,1987,1988,1988,1988,1988,1989,1989,1989,1989,1990,1990,1990,1990,1991,1991,1991,1991,1992,1992,1992,1992,1993,1993,1993,1993,1994,1994,1994,1994,1995,1995,1995,1995,1996,1996,1996,1996,1997,1997,1997,1997,1998,1998,1998,1998,1999,1999,1999,1999,2000,2000,2000,2000,2001,2001,2001,2001,2002,2002,2002,2002,2003,2003,2003,2003,2004,2004,2004,2004,2005,2005,2005,2005,2006,2006,2006,2006,2007,2007,2007,2007,2008,2008,2008,2008,2009,2009,2009,2009
"8",NA,NA,NA,1,2,3,4,1,2,3,4,1,2,3,4,1,2,3,4,1,2,3,4,1,2,3,4,1,2,3,4,1,2,3,4,1,2,3,4,1,2,3,4,1,2,3,4,1,2,3,4,1,2,3,4,1,2,3,4,1,2,3,4,1,2,3,4,1,2,3,4,1,2,3,4,1,2,3,4,1,2,3,4,1,2,3,4,1,2,3,4,1,2,3,4,1,2,3,4,1,2,3,4,1,2,3,4,1,2,3,4,1,2,3,4,1,2,3,4,1,2,3,4,1,2,3,4,1,2,3,4,1,2,3,4,1,2,3,4,1,2,3,4,1,2,3,4,1,2,3,4,1,2,3,4,1,2,3,4,1,2,3,4,1,2,3,4,1,2,3,4,1,2,3,4,1,2,3,4,1,2,3,4,1,2,3,4,1,2,3,4,1,2,3,4,1,2,3,4,1,2,3,4,1,2,3,4,1,2,3,4,1,2,3,4,1,2,3,4,1,2,3,4,1,2,3,4,1,2,3,4,1,2,3,4,1,2,3,4,1,2,3,4,1,2,3,4,1,2,3,4,1,2,3,4
"9","1","    Government consumption expenditures and gross investment","B822RA3",17.184,17.293,17.451,17.193,17.534,18.378,18.735,19.523,20.081,20.99,21.201,20.75,20.403,20.737,20.339,21.635,23.948,27.241,30.332,32.023,33.015,34.134,34.472,35.09,36.281,37.079,36.631,36.517,35.54,34.282,33.455,33.252,33.212,32.882,33.082,32.365,32.347,33.025,32.713,33.563,34.252,34.039,34.3,34.925,34.535,35.4,35.621,36.381,36.145,36.696,37.158,36.753,36.029,36.322,37.197,37.456,37.946,38.037,38.783,39.635,40.336,40.555,41.478,41.538,41.285,41.233,43.001,42.61,42.768,43.045,43.071,42.947,42.843,43.396,44.897,45.862,46.687,47.514,48.8,49.594,51.699,51.418,51.953,52.307,53.22,53.466,53.578,53.622,53.674,53.45,53.525,52.739,52.455,51.777,52.001,52.002,51.16,50.996,50.964,50.584,50.768,51.083,50.03,50.344,50.839,50.536,49.887,50.254,51.305,51.651,51.728,51.908,52.544,52.14,53.057,53.507,53.64,53.052,52.773,52.732,53.21,53.763,53.861,53.688,53.775,55.227,55.667,56.172,55.667,56.255,56.337,56.704,57.616,57.795,56.998,56.94,57.696,57.825,57.694,58.225,58.167,58.506,58.906,59.923,60.373,60.889,61.946,60.899,61.512,62.838,63.302,64.659,65.4,66.867,68.603,69.013,69.759,71.242,72.854,72.436,72.732,73.192,73.194,74.08,73.721,73.914,73.871,75.372,74.909,76.069,76.786,77.194,78.385,78.501,78.478,79.257,79.579,79.857,79.478,79.144,79.745,79.651,80.06,80.083,79.239,79.18,79.101,79.491,78.48,78.81,80.192,79.5,79.816,80.083,79.907,79.013,79.519,80.661,80.583,81.266,81.411,82.116,82.208,82.344,81.849,83.628,84.402,85.157,85.593,85.95,87.061,88.438,87.714,88.884,88.604,88.874,90.188,92.061,91.893,93.525,94.958,95.87,96.646,97.293,97.091,98.534,98.824,98.895,99.366,99.73,100.094,99.482,99.577,99.685,100.59,100.147,101.147,101.232,101.386,101.67,101.671,102.764,103.757,104.169,104.845,105.782,107.036,107.346,106.639,108.386,109.097,109.051
"10","2","      Consumption expenditures \1\","A955RA3",20.437,20.598,20.729,20.155,19.952,20.899,21.272,21.824,22.274,22.846,22.452,21.861,22.064,22.295,21.354,23.202,25.239,28.045,30.843,31.39,32.949,34.509,34.87,35.398,36.359,36.941,36.477,36.808,35.044,33.803,33.577,33.573,33.5,32.683,33.82,33.276,32.831,33.736,32.723,34.043,34.891,34.891,34.989,35.735,34.823,35.995,35.488,36.151,34.853,35.988,36.655,36.76,35.798,36.257,36.84,37.233,36.802,37.566,38.036,38.582,39.416,39.933,40.799,40.999,40.933,40.995,42.477,42.425,42.52,42.802,42.784,42.581,42.735,43.336,44.679,45.933,46.321,47.84,48.809,49.366,51.632,51.833,52.298,52.847,54.277,54.42,54.66,55.091,54.797,55.466,55.617,55.735,55.008,54.474,54.568,54.635,54.623,54.571,54.499,54.467,54.987,55.304,54.548,54.371,54.389,54.408,54.012,54.251,55.138,55.034,55.45,55.871,56.237,56.719,56.869,56.846,56.665,56.871,56.691,56.971,57.29,57.758,58.22,58.323,58.612,58.984,59.189,59.473,59.811,59.926,59.157,59.679,60.314,61.169,60.732,60.528,61.072,61.772,61.881,62.296,62.693,62.659,63.368,64.135,64.691,65.149,65.912,64.344,64.64,65.964,66.379,67.251,68.09,69.019,70.565,71.235,71.925,73.344,74.392,74.33,74.51,74.636,74.284,75.526,75.666,75.536,75.555,77.172,76.61,77.82,78.223,78.721,79.489,79.652,79.617,80.241,81.06,81.076,80.595,80.201,80.461,80.616,81.397,81.67,81.023,80.663,80.758,81.111,80.797,80.845,81.785,81.216,81.421,81.585,81.706,80.625,80.949,81.96,81.639,82.239,82.167,83.144,83.209,83.815,83.307,84.685,84.727,85.722,86.115,86.184,87.244,88.345,87.378,89.115,88.629,88.913,90.242,91.442,92.271,93.3,94.668,95.678,96.309,97.03,96.883,98.482,98.278,98.459,99.13,99.3,99.847,99.503,99.812,99.71,100.636,99.841,100.997,100.597,101.02,101.306,101.122,101.966,103.032,103.461,104.31,104.755,106.126,106.664,106.321,107.373,107.849,108.095
"11","3","      Gross investment \2\","A782RA3",7.931,7.896,8.141,8.74,10.507,11.059,11.369,12.726,13.538,15.303,17.136,17.085,15.237,15.85,16.973,16.744,19.719,24.191,27.938,32.509,31.994,31.939,32.2,33.03,34.782,36.128,35.739,34.428,35.647,34.382,31.918,31.163,31.206,32.287,29.798,28.625,29.816,29.855,31.478,31.02,31.248,30.457,31.146,31.408,32.487,32.444,34.734,35.741,38.523,37.394,37.255,35.415,35.391,35.187,36.873,36.728,39.916,38.013,39.548,41.277,41.559,40.879,41.94,41.579,40.769,40.372,42.936,41.53,41.871,42.124,42.283,42.412,41.509,41.889,43.829,43.838,46.024,44.609,46.853,48.378,49.888,48.057,48.804,48.506,47.686,48.258,47.939,46.691,47.882,44.731,44.555,40.795,41.994,40.866,41.509,41.288,37.738,37.203,37.299,35.773,34.838,35.135,33.157,35.061,37.102,35.754,34.301,35.072,36.606,38.361,37.372,36.789,38.203,35.077,38.348,40.278,41.42,38.318,37.739,36.654,37.626,38.426,37.317,36.224,35.628,40.63,41.837,43.059,39.752,41.899,44.819,44.658,46.472,44.373,42.397,42.833,44.277,42.469,41.541,42.442,40.855,42.438,41.784,43.609,43.669,44.367,46.412,47.215,48.948,50.256,50.894,54.004,54.364,57.817,60.24,59.66,60.611,62.319,66.078,64.284,65.028,66.798,68.203,67.661,65.319,66.804,66.518,67.541,67.475,68.427,70.41,70.447,73.37,73.292,73.315,74.736,72.966,74.344,74.402,74.336,76.409,75.246,74.037,72.979,71.276,72.527,71.688,72.239,68.182,69.747,73.059,71.833,72.633,73.345,71.872,71.795,73.094,74.814,75.812,76.867,78.002,77.481,77.692,75.706,75.262,78.854,82.947,82.614,83.242,84.927,86.28,88.941,89.356,87.873,88.559,88.765,90.005,95.079,90.155,94.67,96.422,96.863,98.335,98.624,98.144,98.801,101.576,101.094,100.551,101.901,101.338,99.379,98.397,99.563,100.358,101.682,101.893,104.434,103.237,103.507,104.434,106.773,107.401,107.728,107.521,110.955,111.602,110.777,108.298,113.431,115.3,113.802
"12","4","        Structures","A760RA3",11.045,12.374,13.83,15.491,16.079,17.897,19.271,19.851,21.482,24.209,27.456,27.961,27.573,29.09,29.363,30.421,31.284,34.662,35.801,36.546,38.455,38.668,38.808,39.968,41.15,40.368,40.434,42.256,44.738,43.346,44.156,43.402,44.324,44.605,42.832,42.374,43.302,44.28,44.875,44.903,46.997,46.474,46.834,47.927,51.172,51.072,53.144,55.597,55.912,55.517,53.464,50.046,50.874,52.762,54.887,55.695,59.693,55.469,56.494,60.41,58.482,58.782,58.439,59.656,60.695,60.89,64.669,61.88,63.175,65.145,65.336,65.181,64.58,67.143,70.522,71.521,72.409,71.386,71.213,73.605,75.409,73.596,72.16,73.676,74.311,76.479,76.664,76.153,74.625,73.98,71.468,66.943,65.741,65.163,68.071,66.814,66.001,66.228,65.176,65.759,64.685,61.676,61.387,63.352,64.019,61.979,61.963,62.661,62.999,64.834,61.214,59.261,63.324,58.537,60.593,64.614,67.714,61.847,57.991,55.809,57.849,59.435,57.338,55.975,54.573,64.763,66.839,66.969,59.686,64.067,66.634,67.793,69.755,65.854,62.448,61.294,65.091,58.998,55.54,57.408,54.596,53.896,53.864,55.371,53.999,53.263,55.738,54.587,56.679,58.663,60.738,61.511,62.126,65.813,67.163,65.763,69.195,69.652,70.728,68.027,71.003,71.1,71.868,72.816,70.635,73.392,71.725,72.662,70.888,71.614,72.052,74.144,77.817,76.208,76.28,78.343,77.102,78.06,79.027,81.649,84.766,81.516,77.569,77.229,76.711,79.54,79.969,79.872,75.812,77.385,80.633,81.46,81.825,82.716,81.36,80.789,80.466,83.461,85.94,90.206,92.612,90.681,88.489,84.035,83.274,87.471,92.726,92.139,93.714,92.667,93.285,96.917,99.18,95.988,96.613,96.806,98.685,106.313,97.525,105.03,106.979,105.58,106.388,107.829,107.115,106.445,109.979,107.994,107.06,107.84,104.597,100.888,100.142,99.824,99.234,100.8,99.109,101.871,100.851,100.201,102.259,104.046,104.244,104.5,102.641,104.611,104.726,102.491,101.364,106.908,109.127,107.743
"13","5","        Equipment and software","A871RA3",4.714,3.932,3.478,3.377,5.487,5.207,4.837,6.41,6.607,7.511,8.22,7.879,5.599,5.614,6.941,6.075,9.53,13.726,18.237,24.138,22.348,22.153,22.437,22.921,24.677,27.023,26.435,23.532,23.802,22.852,19.022,18.421,17.99,19.291,16.911,15.583,16.674,16.2,18.068,17.433,16.601,15.82,16.556,16.315,16.022,16.014,17.964,17.997,21.534,20.24,21.13,20.487,20.024,18.778,19.887,19.28,21.387,21.076,22.551,22.797,24.156,23.109,24.673,23.573,21.979,21.356,22.755,22.357,22.131,21.44,21.552,21.808,20.934,20.072,20.854,20.318,22.785,21.412,24.585,25.343,26.412,24.908,26.745,25.484,23.988,23.545,22.995,21.545,24.109,20.014,21.251,18.566,21,19.728,18.901,19.33,14.649,13.732,14.547,11.968,11.289,13.346,10.884,12.391,14.825,14.117,12.062,12.722,14.723,16.163,17.04,17.466,16.908,15.268,19.042,19.344,19.043,18.138,19.765,19.525,19.681,19.869,19.54,18.761,18.755,19.779,20.266,22.036,21.748,22.154,24.973,23.912,25.428,24.8,24.025,25.578,25.155,26.671,27.696,27.8,27.255,30.402,29.334,31.241,32.36,34.06,35.61,37.784,39.108,39.809,39.329,43.908,44.049,47.034,50.074,50.155,49.051,51.616,57.264,56.362,55.195,58.284,60.156,58.338,56.018,56.267,57.241,58.274,59.757,60.847,64.101,62.252,64.283,65.628,65.605,66.336,64.202,65.875,65.084,62.532,63.496,64.344,65.765,64.11,61.42,61.112,59.139,60.269,56.482,57.936,61.088,57.944,59.104,59.596,58.113,58.567,61.465,61.802,61.182,58.759,58.417,59.411,62.225,63.086,63.081,65.877,68.482,68.451,67.893,72.792,74.986,76.363,74.464,75.2,75.959,76.19,76.57,78.132,78.516,78.844,80.282,83.303,85.701,84.334,84.203,86.791,88.42,90.15,90.171,92.362,95.959,96.809,95.465,99.098,102.258,103.179,106.755,108.912,107.401,109.387,108.143,111.541,113.007,113.46,116.58,122.957,124.684,126.819,121.488,125.664,126.765,125.047
"14","6","Federal","B823RA3",25.544,25.597,25.611,24.718,25.559,27.116,27.669,29.169,29.756,30.874,30.534,29.021,27.64,28.254,27.251,30.451,36.413,44.208,51.849,56.15,58.6,60.92,62.487,63.469,65.942,68.018,66.162,65.201,61.731,58.425,55.519,54.873,53.552,52.337,52.889,50.91,50.53,51.855,50.911,52.735,53.672,52.858,53.05,53.793,51.864,53.53,53.321,54.566,53.666,54.95,56.085,55.268,52.782,52.58,54.212,54.41,54.339,54.847,56.387,57.381,59.488,59.733,61.53,61.199,59.714,59.161,62.445,60.783,60.473,60.07,59.598,58.76,58.02,58.132,60.48,62.158,63.579,65.262,67.904,68.469,73.163,72.103,73.249,73.097,74.368,73.771,73.136,72.689,72.285,71.132,71.182,69.277,67.908,65.781,64.808,64.455,61.946,61.053,60.796,58.915,59.155,60.101,56.86,56.673,57.611,56.718,54.311,54.354,56.066,55.977,56.258,56.671,56.034,55.584,56.97,57.115,56.588,56.466,56.306,56.45,56.919,57.857,58.191,57.621,57.823,59.202,59.411,59.932,60.013,60.755,60.661,60.647,62.588,64.162,63.297,63.511,64.826,66.761,66.689,67.403,67.508,68.12,69.141,71.185,72.042,73.574,75.639,72.99,73.614,75.924,75.634,78.144,78.977,80.904,83.617,83.585,83.141,85.792,89.039,87.657,88.179,89.403,89.498,90.829,88.361,87.461,86.806,89.413,87.583,89.554,90.416,89.962,91.312,91.421,90.605,91.401,92.11,92.371,90.65,88.871,88.899,88.81,89.824,89.87,87.106,85.876,84.97,85.415,82.358,81.893,84.14,81.83,81.63,81.307,80.754,77.722,79.341,80.472,79.053,78.825,77.764,79.142,78.884,78.776,76.319,78.419,77.767,78.529,78.01,78.009,79.646,81.416,78.194,81.324,79.747,79.379,81.069,82.805,83.361,84.368,86.376,88.372,89.772,91.289,91.315,95.718,95.812,96.511,97.749,98.304,100.01,98.778,99.19,99.286,101.608,99.915,102.763,101.887,101.792,102.066,100.738,102.558,104.871,105.57,107.654,109.698,113.152,114.946,113.693,116.801,119.057,119.08
"15","7","    Consumption expenditures","B957RA3",31.197,31.291,31.288,29.83,29.607,31.765,32.608,33.677,34.114,34.981,33.513,31.683,31.598,32.109,29.922,34.462,39.548,46.323,53.046,54.249,58.384,61.398,63.019,63.979,65.893,67.424,65.718,66.552,61.775,58.516,57.4,57.178,56.104,53.892,56.451,54.838,53.748,55.544,52.651,55.523,57.485,57.06,56.691,57.999,55.084,57.316,55.561,56.842,53.447,56.025,57.288,57.107,54.141,54.52,55.745,56.195,54.286,55.629,56.883,57.905,59.972,60.793,62.611,62.654,62.118,61.685,64.694,63.943,63.36,63.38,62.713,61.401,61.196,61.788,64.346,66.785,67.085,70.304,72.042,72.563,78.315,78.242,78.453,79.056,81.653,81.3,80.866,81.07,79.304,80.116,79.576,78.798,75.917,73.765,72.913,72.126,71.289,70.526,69.549,68.639,69.492,69.632,67.002,66.012,65.715,65.117,63.057,62.843,64.253,63.187,63.467,63.607,62.996,63.345,63.068,63.009,62.448,62.833,61.893,62.131,62.568,63.559,64.126,63.963,64.199,65.082,64.997,65.063,65.737,66.564,64.967,65.71,67.286,69.637,68.788,68.586,70.307,72.031,71.724,72.429,73.066,72.615,74.431,76.151,76.765,78.054,79.974,75.935,76.356,78.97,79.014,80.34,81.465,82.551,84.604,84.758,84.575,86.967,88.753,87.547,88.404,88.636,88.184,90.537,89.072,87.916,87.126,90.332,88.048,90.387,90.439,90.729,91.64,91.392,90.43,91.528,93.104,92.576,90.856,89.253,89.027,88.737,89.838,90.12,87.667,86.419,85.93,86.311,84.414,83.565,85.263,83.32,82.796,82.598,82.395,78.928,79.82,80.979,79.699,80.491,79.656,81.184,80.123,80.4,77.52,79.487,78.124,79.515,79.152,78.217,79.801,81.624,78.705,82.464,80.484,80.319,82.324,83.848,84.33,85.311,87.336,88.929,89.986,91.93,92.026,96.506,96.379,97.058,98.547,98.827,100.235,99.094,99.754,99.425,101.426,99.394,102.313,100.957,101.292,101.024,99.804,101.119,103.511,104.322,106.25,107.351,110.659,111.933,111.206,113.899,115.958,116.66
"16","8","    Gross investment","B787RA3",7.626,7.563,7.669,8.458,12.273,12.053,11.777,14.325,15.27,17.006,19.931,19.439,14.423,15.29,17.728,16.979,24.856,34.845,44.352,56.527,54.252,54.507,55.77,56.726,60.517,63.919,61.82,55.994,56.466,53.293,45.604,43.814,41.882,43.647,38.335,35.484,37.193,37.109,41.693,40.458,38.468,36.639,38.343,37.472,38.443,38.358,42.569,43.586,49.717,47.247,47.915,45.426,44.486,42.703,45.322,44.783,49.897,47.992,50.201,51.032,53.083,51.676,53.268,51.909,47.843,46.992,50.776,46.617,47.117,45.505,45.653,46.3,44.023,42.683,44.221,43.406,48.222,44.991,50.247,50.909,51.97,47.891,51.906,49.384,46.337,44.997,43.746,41.194,45.213,37.819,39.765,34.28,37.94,36.008,34.683,35.735,27.88,26.593,28.766,23.762,22.003,25.314,20.612,22.858,27.434,25.725,22.476,23.299,25.794,28.76,29.008,30.261,29.589,26.591,33.295,34.093,33.695,31.92,34.3,34.126,34.683,35.392,34.945,33.052,33.129,36.058,37.228,39.24,37.321,37.742,42.716,40.124,43.258,42.056,41.181,42.858,42.656,45.267,46.037,46.758,44.95,49.35,47.482,50.594,52.281,54.633,57.162,59.714,61.125,62.234,60.675,67.683,67.332,72.533,77.808,76.997,75.464,79.129,88.432,86.328,85.406,90.942,93.468,90.236,83.34,83.621,83.599,83.454,83.705,83.96,88.485,84.656,87.988,89.728,89.599,88.979,85.613,89.582,87.889,85.31,86.561,87.456,88.021,86.917,82.684,81.566,78.638,79.392,70.683,72.128,77.031,72.959,74.349,73.413,71.153,70.361,75.605,76.599,74.497,68.982,66.725,67.277,71.271,69.096,68.955,71.751,74.977,72.297,70.918,76.049,77.963,79.433,74.563,74.105,74.853,73.314,73.152,76.11,77.084,78.23,80.12,84.596,88.114,86.959,86.542,90.434,91.964,92.787,92.354,94.754,98.452,96.596,95.299,98.315,102.86,103.527,105.875,108.431,105.276,109.41,107.319,112.805,114.534,114.398,117.6,126.61,131.123,136.747,131.612,137.79,141.501,136.432
"17","9","      Structures","B801RA3",4.048,30.434,48.123,65.76,71.764,74.563,79.437,73.483,81.335,87.124,118.433,123.163,106.727,121.314,118.912,133.223,161.018,198.528,218.809,240.458,260.792,271.938,285.021,286.459,297.144,282.617,265.741,257.011,260.461,235.72,226.159,215.228,193.422,183.166,167.023,158.513,157.658,173.929,194.876,194.682,193.603,189.417,197.202,190.968,214.313,213.703,225.079,242.856,237.564,236.952,220.125,197.884,200.402,211.494,222.676,234.315,255.601,232.794,223.754,230.823,225.343,235.608,212.713,225.869,211.737,219.367,243.438,183.352,204.123,200.471,201.751,207.713,194.877,201.718,206.105,211.15,218.115,208.957,202.987,193.106,176.691,155.497,167.302,163.078,158.647,150.966,149.958,153.678,145.793,147.317,145.241,134.781,126.622,130.613,135.181,138.082,144.315,150.305,164.195,159.601,155.127,153.009,149.609,146.164,156.998,151.509,158.684,159.214,148.785,159.743,140.185,146.411,149.79,145.805,151.861,155.663,155.981,151.954,146.38,149.439,151.802,157.352,159.095,151.046,154.559,175.71,184.073,173.276,154.944,154.4,162.15,153.274,165.303,164.674,170.86,158.942,163.782,164.952,153.088,162.43,152.914,145.675,146.493,149.801,154.477,154.869,161.684,155.118,152.511,159.467,156.89,160.304,160.558,173.039,183.997,177.766,186.986,185.733,190.549,184.465,197.768,207.778,205.443,204.883,170.968,176.381,167.079,157.237,147.805,145.263,149.723,150.584,158.398,157.016,156.431,138.611,133.448,146.576,141.935,160.822,162.759,163.819,150.464,169.526,168.669,163.097,171.273,165.909,149.113,148.151,155.345,170.881,172.742,162.352,165.633,155.114,163.436,169.728,160.841,145.95,147.237,144.519,152.112,128.072,144.721,144.907,149.361,136.127,140.86,135.519,131.653,130.208,116.131,111.062,110.989,100.499,99.173,103.515,104.213,109.511,115.141,117.346,121.323,123.233,126.88,131.122,133.625,126.485,120.999,118.029,114.294,97.469,100.52,93.638,101.298,104.544,97.745,102.749,100.412,113.731,113.107,122.426,123.577,122.043,119.108,125.729,136.339,149.567,152.558,157.967,172.782,159.489
"18","10","      Equipment and software","B872RA3",6.776,5.398,4.591,4.387,7.571,7.192,6.646,9.363,9.803,11.113,12.158,11.471,7.698,7.75,10.076,8.693,14.402,21.591,29.282,39.399,36.21,35.855,36.32,37.128,40.065,44.059,43.035,38.057,38.304,36.706,30.097,29.029,28.401,30.568,26.528,24.351,25.954,25.045,28.164,27.038,25.269,23.81,24.971,24.493,24.18,24.129,27.406,27.414,33.311,31.079,32.539,31.389,30.404,28.226,30.05,28.97,32.561,31.972,34.427,34.827,36.965,35.169,37.766,35.87,32.884,31.729,33.963,33.189,32.605,31.323,31.394,31.685,30.264,28.682,29.863,28.846,32.904,30.402,35.588,36.732,38.6,35.968,39.051,36.942,34.353,33.533,32.423,29.833,34.047,27.012,28.968,24.42,28.345,26.291,24.766,25.566,17.769,16.203,17.466,13.018,11.639,14.674,10.731,12.925,16.486,15.223,11.839,12.557,15.467,17.585,18.998,19.81,18.958,16.318,22.458,22.985,22.565,21.099,23.739,23.374,23.769,24.101,23.559,22.245,22.093,23.569,24.158,26.8,26.138,26.589,30.965,29.021,31.287,30.135,28.812,31.371,30.802,33.334,34.974,35.01,33.893,38.839,36.903,39.781,41.131,43.457,45.493,48.531,50.146,50.744,49.371,56.177,55.806,60.108,64.604,64.26,61.938,65.784,74.916,73.27,71.189,76.061,78.907,75.582,71.457,71.253,72.088,72.865,74.031,74.544,78.887,74.756,77.511,79.489,79.41,80.504,77.455,80.365,79.034,74.421,75.555,76.399,78.335,75.25,70.841,70.218,66.274,67.625,60.066,61.705,66.193,60.237,61.525,61.607,58.838,59.102,63.851,64.248,62.947,58.611,56.006,56.907,60.394,60.798,58.698,61.757,64.785,63.421,61.309,67.646,70.248,72.065,68.422,68.564,69.417,69.07,69.072,71.826,72.834,73.397,74.75,79.519,82.953,81.366,80.367,84.192,85.567,87.55,87.858,91.055,95.895,96.406,94.438,99.078,103.122,103.363,107.292,109.425,106.125,108.605,106.238,111.009,112.841,112.967,117.335,126.802,130.156,134.326,127.609,133.942,135.522,132.016
"19","11","  National defense","B824RA3",31.436,29.376,30.894,31.105,31.023,30.767,30.306,31.82,32.659,33.252,33.158,31.069,29.815,30.075,32.052,36.49,46.253,57.332,69.12,75.329,77.918,82.119,84.015,85.514,88.146,88.851,87.687,86,80.234,76.861,72.895,70.391,70.015,67.475,68.187,65.896,65.645,67.397,67.18,69.335,69.727,70.307,70.885,70.028,69.252,69.937,69.907,70.429,68.471,67.637,69.36,68.473,67.262,66.276,68.396,67.605,69.396,68.962,70.943,72.173,74.862,74.047,75.231,74.353,72.589,71.841,74.401,72.52,71.463,70.08,69.847,68.412,66.894,66.584,68.92,71.525,74.143,75.702,80.666,82.713,87.664,87.721,89.921,88.963,91.161,91.079,89.282,88.483,87.542,85.578,85.448,83.658,81.434,77.587,76.38,75.8,72.237,69.47,68.079,66.136,65.182,66.208,61.528,61.434,62.627,61.504,57.856,58.257,59.601,60.56,59.117,59.101,58.647,57.741,59.928,59.805,58.981,58.94,58.813,58.578,59.235,60.138,60.167,58.505,58.876,60.203,60.365,60.633,60.931,62.156,61.972,62.32,64.154,64.308,64.427,65.275,66.514,68.523,69.108,70.367,71.161,73.141,74.413,76.541,76.996,78.776,79.314,81.355,81.609,82.477,82.148,85.65,86.242,88.731,92.308,92.727,92,95.469,99.187,96.41,97.831,100.183,101.665,101.522,100.432,99.576,98.608,100.687,97.426,99.502,100.711,99.703,99.921,99.639,97.934,99.725,100.593,100.318,97.631,94.314,92.843,92.91,94.185,93.464,89.785,88.463,87.26,88.097,83.683,83.726,86.484,82.395,82.174,82.028,81.047,78.495,80.026,81.117,79.396,78.886,76.352,78.151,77.772,78.199,73.543,76.359,77.308,76.7,75.772,75.81,78.056,79.904,75.179,78.647,77.03,77.09,78.447,79.544,80.267,81.374,83.128,85.041,86.482,88.476,87.785,95.191,94.066,95.929,97.359,97.871,100.708,98.201,99.068,99.826,102.492,98.614,101.115,101.384,100.892,102.963,100.952,103.059,105.546,105.668,107.76,109.597,114.668,115.732,114.219,118.014,120.419,119.36
"20","12","    Consumption expenditures","B997RA3",40.066,37.39,38.05,38.023,37,36.355,36.012,37.349,37.465,37.33,37.008,35.024,35.139,35.492,37.151,42.311,51.073,60.6,70.54,73.179,77.403,82.58,84.284,85.845,86.805,86.065,85.549,86.543,78.268,76.064,74.384,71.846,72.254,67.729,71.156,69.848,68.738,71.445,69.006,72.486,74.052,75.889,75.81,75.07,73.98,74.769,72.628,72.806,66.796,67.126,68.872,69.076,68.104,68.154,69.638,69.245,69.126,69.378,70.992,72.465,74.946,74.884,75.79,75.758,75.499,75.246,77.072,76.854,75.476,74.361,74.357,72.531,71.751,72.427,74.785,78.781,80.005,83.401,87.214,89.143,94.478,96.033,96.967,96.957,100.917,101.234,99.278,99.425,96.214,97.143,95.853,95.936,91.237,87.354,86.387,85.218,84.215,81.428,78.859,78.484,78.232,78.009,74.174,72.863,72.459,71.698,68.517,68.646,68.995,69.487,67.026,66.758,66.599,66.569,66.304,66.033,65.197,66.216,64.897,64.646,65.152,66.208,66.847,65.413,66.165,66.928,67.106,66.277,67.227,68.623,66.493,67.489,69.149,69.918,70.563,70.748,72.536,73.888,74.323,75.574,77.021,77.765,79.992,81.41,81.993,83.244,83.189,84.596,84.657,85.485,85.575,87.471,88.601,89.564,92.462,93.193,92.935,95.743,97.045,94.733,96.86,98.311,99.2,100.179,100.501,99.382,98.355,100.818,96.962,99.679,99.701,99.843,99.642,98.713,96.519,98.646,101.047,99.946,97.366,94.759,92.771,92.424,93.796,93.763,90.916,89.414,88.684,89.063,85.793,85.135,87.202,83.989,83.528,83.297,82.954,80.05,80.922,82.161,80.748,81.347,79.212,81.218,79.668,80.19,75.843,78.594,78.671,78.634,78.21,77.287,79.31,81.857,76.407,80.486,78.36,78.529,80.282,80.872,81.428,82.601,84.633,85.772,86.719,89.262,88.456,96.38,94.719,96.552,98.203,98.485,100.79,98.265,99.548,99.751,102.339,98.362,100.843,100.214,100.367,101.869,99.958,101.436,104.084,104.248,105.927,106.525,111.499,112.401,111.005,114.258,116.468,116.198
"21","13","    Gross investment","B788RA3",4.413,4.308,8.599,9.532,12.259,13.178,12.386,14.349,17.284,20.032,20.649,18.327,13.041,13.041,15.891,18.054,30.148,45.016,61.246,76.839,74.749,76.005,78.266,79.502,86.631,91.354,88.459,79.288,81.072,74.511,64.204,61.922,59.283,62.758,55.354,50.313,52.637,51.561,57.739,55.994,53.012,49.977,52.357,51.22,51.391,51.712,57.819,59.252,68.948,64.787,66.297,62.394,60.597,56.744,60.536,58.639,65.809,63.417,66.319,66.78,69.909,66.968,68.88,65.621,59.594,57.436,61.966,55.277,55.237,53.119,52.207,52.062,48.358,45.019,47.158,45.206,52.157,47.762,56.169,58.515,62.028,57.245,63.488,59.471,55.758,54.353,53.136,49.145,55.818,44.315,48.062,39.959,46.203,42.561,40.546,41.903,29.674,27.042,29.813,22.537,19.282,23.876,17.445,20.881,26.533,24.475,19.859,21.003,25.21,27.478,29.322,30.102,28.725,25.043,35.148,35.511,34.733,31.228,34.948,34.776,35.895,36.249,34.302,32.008,31.105,34.174,34.265,38.109,36.207,36.788,43.122,41.263,43.65,41.669,39.947,43.133,42.306,46.599,47.694,48.936,47.328,53.72,51.498,56.108,56.056,59.699,62.393,66.701,67.709,68.725,66.774,76.451,74.886,83.424,89.647,88.715,85.981,92.159,106.128,101.409,99.722,106.114,110.302,105.003,97.399,97.803,97.144,97.375,97,95.986,102.755,96.346,98.528,101.338,102.024,102.156,95.601,99.352,96.224,89.497,90.627,92.768,93.507,89.339,81.631,81.238,77.721,80.831,70.851,74.379,80.464,72.165,73.123,73.399,69.306,68.607,73.381,73.749,70.507,64.253,59.655,60.305,66.1,66.016,59.804,62.927,68.576,64.903,61.253,66.495,69.92,67.918,67.282,67.279,68.56,67.994,67.048,71.062,72.745,73.439,73.485,80.149,84.629,83.206,83.268,87.325,89.681,91.733,91.684,93.724,100.116,97.726,95.764,100.344,103.543,100.348,102.97,109.641,104.551,110.675,107.966,114.652,115.949,115.744,120.844,131.867,137.614,139.865,137.493,145.286,149.128,142.177
"22","14","      Structures","B808RA3",-6.385,18.234,44.624,67.378,72.6,69.675,73.148,61.323,72.405,61.384,63.432,76.072,66.48,68.011,83.394,134.617,219.236,318.579,377.919,426.325,467.734,520.565,563.451,568.265,588.42,555.734,518.283,493.11,516.006,450.877,429.263,423.696,384.223,368.402,334.424,312.448,300.762,317.428,341.763,345.008,341.71,326.539,338.098,328.27,350.352,347.649,375.622,414.679,398.732,385.299,353.245,300.794,297.591,301.719,329.491,342.102,380.949,348.183,310.193,313.389,304.734,309.175,248.538,256.204,237.79,242.419,298.534,136.789,183.101,166.271,176.668,175.813,146.419,151.319,164.344,161.829,167.168,161.138,171.226,156.742,161.172,138.99,156.08,146.96,143.756,131.988,151.372,161.625,155.265,163.407,164.505,149.3,130.644,126.074,131.311,131.711,147.012,155.302,176.758,175.278,152.691,147.961,147.219,142.28,138.994,141.821,149.156,150.221,143.175,144.44,124.267,118.889,122.406,121.954,136.734,134.97,133.114,107.935,102.87,112.406,125.747,126.424,106.804,102.11,103.348,129.603,117.674,116.307,99.201,96.328,102.063,99.002,113.43,113.211,128.485,107.174,104.274,117.673,98.061,120.752,124.123,121.058,129.701,144.769,154.103,153.897,152.861,156.215,144.58,147.219,153.243,153.117,159.595,188.297,192.274,190.828,192.355,196.678,212.025,193.316,205.973,212.388,212.095,225.618,200.204,217.282,188.059,186.053,167.717,157.001,159.657,151.973,154.481,153.851,154.441,128.693,114.278,113.432,103.368,105.63,121.353,127.181,110.558,123.037,110.879,114.396,124.223,116.619,110.28,120.484,130.733,123.656,140.055,132.87,135.91,131.447,129.132,128.418,120.035,116.485,114.458,114.754,122.966,113.95,107.854,113.153,114.717,96.785,102.558,99.939,94.515,86.881,88.019,89.916,99.203,91.451,83.825,92.146,85.374,88.805,86.789,91.851,97.928,97.675,108.731,111.883,118.399,115.068,111.173,103.821,106.89,97.096,104.1,98.541,102.966,94.393,95.41,100.068,96.56,107.848,113.218,128.339,122.949,126.274,132.153,139.009,149.119,170.56,177.604,186.485,213.769,187.602
"23","15","      Equipment and software","B873RA3",4.598,3.58,6.874,7.01,9.508,10.519,9.621,11.96,14.45,17.52,18.049,15.351,10.519,10.466,12.726,13.196,22.169,33.341,47.236,60.925,57.451,56.869,57.603,58.653,64.989,70.856,69.317,61.092,62.043,57.84,48.437,46.394,45.141,49.083,42.977,38.779,41.425,39.834,45.065,43.25,40.448,37.987,39.929,39.142,38.583,38.982,44.023,44.112,54.139,50.515,53.038,50.943,49.295,45.415,48.207,45.947,51.678,50.413,54.443,54.786,58.105,55.096,58.926,55.502,50.24,47.994,50.579,49.308,47.779,46.271,45.044,44.931,42.291,38.874,40.528,38.709,45.303,41.21,49.097,51.892,55.177,51.256,56.781,53.166,49.639,48.684,46.789,42.484,49.306,37.596,41.276,33.846,40.766,37.327,35.105,36.401,23.612,20.688,22.656,15.502,13.14,17.56,11.669,15.083,20.591,18.498,13.74,14.799,19.182,21.335,23.979,24.992,23.481,19.822,29.323,29.77,29.062,26.599,30.494,29.925,30.485,30.818,29.715,27.62,26.662,28.629,29.212,33.094,31.936,32.658,38.801,37.065,38.79,36.795,34.314,38.591,37.88,41.581,43.607,43.8,42.022,48.617,45.977,49.937,49.463,53.138,55.897,60.086,61.655,62.56,60.3,70.111,68.209,75.461,81.6,80.715,77.828,83.913,97.396,93.578,91.151,97.397,101.762,95.446,89.069,88.461,89.56,89.923,90.708,90.336,97.255,91.036,93.162,96.153,96.836,98.677,92.755,96.75,94.143,86.92,87.053,88.913,90.814,85.582,78.309,77.652,73.254,77.07,66.986,69.992,75.69,67.429,67.268,68.077,63.531,63.12,68.334,68.784,65.965,59.577,54.829,55.496,61.045,61.666,55.493,58.416,64.358,61.87,57.464,63.321,67.468,65.959,65.186,65.025,65.602,65.673,65.324,68.931,71.387,71.822,72.067,78.875,83.193,81.659,80.646,84.786,86.725,89.309,89.645,92.635,99.369,97.767,94.845,100.532,103.598,101.025,103.84,110.752,105.479,110.981,107.282,112.92,115.052,114.403,119.402,130.947,136.145,136.004,132.443,140.101,140.999,136.446
"24","16","  Nondefense","B825RA3",13.977,18.864,15.864,12.865,15.421,20.669,23.35,24.89,24.988,27.223,26.389,26.008,24.348,25.669,18.579,19.298,17.63,19.115,18.678,19.293,21.497,20.147,21.073,21.064,23.251,27.937,24.776,25.207,26.162,22.967,22.101,25.092,21.918,23.265,23.517,22.124,21.481,21.994,19.532,20.745,22.844,19.104,18.53,22.595,18.276,21.963,21.37,24.069,25.209,30.684,30.675,29.984,24.925,26.29,26.983,29.123,25.41,27.746,28.434,28.977,29.969,32.266,35.273,36.001,35.047,34.87,39.556,38.309,39.44,40.91,39.991,40.29,41.029,41.944,44.321,44.216,43.347,45.264,43.469,41.198,45.384,42.201,41.337,42.729,42.237,40.671,42.232,42.448,43.058,43.445,43.841,41.734,41.994,43.084,42.558,42.633,42.116,44.732,46.601,44.851,47.411,48.209,47.823,47.446,47.879,47.44,47.544,46.854,49.34,47.09,50.917,52.216,51.189,51.648,51.428,52.111,52.184,51.9,51.673,52.584,52.674,53.69,54.645,56.288,56.154,57.654,57.968,59.024,58.653,58.392,58.483,57.706,59.889,64.479,61.525,60.399,61.893,63.69,62.222,61.777,60.409,58.097,58.601,60.5,62.243,63.26,68.597,55.785,57.162,62.704,62.463,62.786,64.182,64.907,65.768,64.745,64.914,65.826,68.094,69.688,68.284,67.097,64.23,68.713,63.309,62.313,62.316,66.056,67.239,68.991,69.123,69.827,73.559,74.492,75.544,74.264,74.647,76.02,76.293,77.719,80.891,80.465,80.931,82.583,81.701,80.665,80.369,80.014,79.718,78.223,79.429,80.729,80.565,79.878,80.19,76.197,77.99,79.198,78.389,78.73,80.646,81.173,81.154,79.976,81.924,82.594,78.732,82.245,82.544,82.461,82.879,84.496,84.278,86.733,85.239,84.015,86.369,89.387,89.607,90.416,92.933,95.098,96.42,96.976,98.458,96.789,99.352,97.687,98.537,99.178,98.599,99.955,99.436,98.176,99.796,102.592,106.163,102.927,103.653,100.203,100.282,101.505,103.457,105.367,107.442,109.925,109.956,113.288,112.576,114.259,116.203,118.487
"25","17","    Consumption expenditures","B542RA3",13.505,19.967,18.608,14.406,15.612,23.514,26.878,27.414,28.569,31.521,27.687,26.115,25.65,26.413,16.388,19.904,17.499,18.983,19.469,17.813,21.846,20.686,22.156,21.962,25.717,31.553,27.585,28.107,30.091,24.757,24.733,29.04,25.091,27.346,28.241,25.988,24.928,24.942,21.034,22.756,25.599,20.484,19.537,25.114,18.459,23.612,22.567,26.006,27.638,34.592,34.911,33.967,27.069,28.115,28.846,30.934,25.574,28.988,29.538,29.689,30.953,33.457,37.024,37.213,36.154,35.374,40.614,38.842,39.792,41.976,40.064,39.74,40.62,41.048,43.96,43.415,41.966,44.814,42.62,40.469,46.933,43.788,42.623,44.393,44.386,42.777,45.211,45.518,46.483,47.069,47.957,45.571,46.143,47.227,46.61,46.545,46.03,49.053,51.057,49.149,52.127,52.981,52.72,52.367,52.284,52.007,52.194,51.281,54.841,50.589,56.462,57.438,55.894,57.002,56.695,57.062,57.054,56.169,55.988,57.207,57.504,58.368,58.79,61.185,60.378,61.514,60.892,62.802,62.909,62.56,62.064,62.281,63.686,69.383,65.376,64.36,65.949,68.468,66.582,66.122,65.03,62.022,62.982,65.377,66.081,67.454,73.565,57.792,58.902,65.504,65.4,65.454,66.606,67.993,68.213,67.093,67.075,68.584,71.44,72.635,70.726,68.292,64.904,70.284,64.919,63.674,63.389,68.239,69.35,70.874,70.985,71.594,74.906,76.13,77.824,76.718,76.547,77.23,77.321,77.847,81.399,81.218,81.739,82.692,81.067,80.353,80.366,80.755,81.676,80.434,81.373,82.024,81.37,81.232,81.312,76.713,77.644,78.638,77.627,78.807,80.61,81.169,81.09,80.879,80.935,81.337,77.086,81.338,81.093,80.131,80.843,81.233,83.345,86.471,84.783,83.953,86.459,89.847,90.181,90.781,92.797,95.295,96.574,97.314,99.241,96.765,99.744,98.081,99.242,99.517,99.117,100.781,100.171,98.753,99.555,101.521,105.35,102.491,103.205,99.266,99.471,100.447,102.306,104.475,106.933,109.1,108.873,110.931,111.598,113.13,114.874,117.605
"26","18","    Gross investment","B798RA3",14.066,14.098,6.912,7.485,13.586,11.101,11.682,15.489,12.816,12.88,20.452,23.47,18.497,21.138,23.012,16.446,16.64,17.851,14.96,21.468,18.617,16.957,16.407,16.89,14.611,15.693,14.977,15.115,13.158,16.23,13.043,12.073,11.369,9.914,8.242,9.483,10.133,12.084,13.957,13.608,13.41,13.841,14.371,13.941,16.69,15.753,16.596,16.886,16.437,17.139,16.164,16.277,16.984,19.206,19.748,21.908,23.442,22.306,23.371,25.073,25.182,26.713,27.836,30.184,29.608,31.284,33.989,34.411,36.019,35.23,37.411,39.656,39.925,42.364,42.867,44.209,45.314,44.025,43.654,41.119,37.589,34.484,34.652,34.737,32.674,31.338,29.917,29.818,29.202,28.907,27.638,26.58,25.774,26.83,26.642,27.173,26.682,27.787,29.104,27.978,28.991,29.557,28.759,28.316,30.502,29.524,29.342,29.455,28.163,32.789,29.55,31.845,32.591,30.871,30.951,32.66,33.005,34.771,34.4,34.202,33.569,35.082,37.876,36.777,39.036,41.779,45.416,43.381,41.32,41.394,43.567,39.273,44.171,44.621,45.542,44.063,45.173,44.287,44.382,44.015,41.694,41.987,40.806,40.801,46.356,45.99,48.269,47.026,49.404,50.773,50.014,51.378,53.707,51.777,55.185,54.573,55.505,54,53.853,57.045,57.693,61.61,60.906,61.683,56.153,56.196,57.388,56.527,57.974,60.651,60.875,61.99,67.485,67.19,65.508,63.456,66.176,70.541,71.599,77.005,78.503,76.994,77.232,82.126,84.726,82.181,80.419,76.49,70.309,67.572,70.083,74.569,76.834,73.434,74.883,73.897,80.099,82.395,82.62,78.621,81.158,81.513,81.813,75.365,87.66,89.776,88.027,87.412,90.719,95.591,94.347,103.03,89.393,87.995,87.644,84.115,85.549,86.359,85.9,87.963,93.564,93.645,95.223,94.61,93.215,96.769,96.616,94.936,93.724,96.86,95.046,94.286,94.351,94.161,101.46,110.028,111.827,105.95,106.779,106.809,105.984,108.99,111.61,111.617,110.864,115.662,117.586,130.316,119.377,122.18,125.617,124.513
"27","19","      Structures","B830RA3",12.016,38.485,51.05,65.933,72.731,79.442,85.471,83.053,89.16,105.173,155.729,155.532,134.47,157.487,144.13,135.691,127.088,124.674,119.566,123.989,130.839,114.698,108.597,107.934,112.742,109.827,106.012,107.696,98.842,99.598,97.629,83.32,72.654,65.884,61.079,61.171,67.261,83.429,102.448,100.001,100.277,103.077,108.518,104.613,128.982,129.805,130.56,134.677,136.245,144.04,136.901,134.072,140.389,156.202,156.726,168.01,178.254,161.593,171.009,180.734,177.202,191.274,192.542,209.465,197.871,207.496,211.123,215.511,220.28,225.051,220.526,230.934,228.398,236.567,235.606,245.464,253.628,242.373,225.991,218.884,189.051,168.15,176.816,175.684,170.41,165.226,151.135,150.621,141.55,138.564,134.313,126.909,125.686,135.518,139.73,144.383,144.506,149.028,157.989,151.25,159.07,158.728,153.48,151.088,172.635,160.693,167.841,167.974,154.773,173.453,154.104,169.448,172.575,165.761,165.454,173.497,175.595,186.943,181.022,179.284,173.16,182.579,200.888,190.132,195.297,212.811,236.726,218.653,199.292,200.672,210.036,196.46,206.484,205.525,204.519,200.004,210.858,202.551,196.37,195.809,176.539,166.053,161.05,155.741,157.124,157.97,170.657,156.549,160.774,171.162,161.923,168.146,163.551,163.453,180.063,169.998,185.266,179.692,176.532,180.095,194.122,207.102,203.102,191.336,150.287,146.611,152.878,136.466,134.167,138.269,144.279,152.241,164.57,162.522,160.959,149.324,151.673,176.514,176.305,209.341,199.859,196.966,186.112,210.995,219.844,206.407,213.212,209.75,183.744,173.086,177.656,213.016,202.179,188.941,192.459,176.618,194.239,206.658,197.313,172.451,176.664,171.28,178.339,140.922,177.721,173.411,180.43,171.288,175.115,167.348,164.852,168.897,141.327,130.078,121.685,108.734,113.003,113.811,121.16,128.132,140.6,140.26,142.364,146.215,143.213,148.437,147.335,136.781,129.872,130.83,120.963,97.78,97.267,89.199,99.778,113.756,99.855,105.169,103.893,119.049,112.978,117.022,124.132,118.21,107.328,113.747,124.798,130.805,130.25,132.593,136.371,134.541
"28","20","      Equipment and software","B880RA3",9.853,7.933,1.459,0.751,4.827,2.233,2.147,5.484,2.764,1.481,3.309,5.756,3.522,3.726,6.161,1.927,2.664,3.741,1.957,6.782,3.897,3.939,4.006,4.425,2.239,3.326,3.052,3.016,2.19,4.735,2.186,2.662,3.025,2.416,1.452,2.506,2.499,2.672,2.5,2.426,2.215,2.326,2.266,2.259,2.332,1.445,2.107,1.972,1.468,1.378,1.226,1.524,1.56,1.95,2.28,2.943,3.255,3.686,3.736,4.203,4.53,4.572,5.244,5.638,6.062,6.513,8.069,8.045,8.763,7.965,9.621,10.391,10.751,11.825,12.246,12.447,12.603,12.54,13.497,12.267,12.022,11.415,10.9,11.04,10.009,9.47,9.519,9.49,9.74,9.761,9.192,9.012,8.538,8.538,8.095,8.116,7.765,8.195,8.434,8.154,8.263,8.699,8.544,8.418,8.254,8.525,7.786,7.858,8.01,9.911,9.128,9.536,9.841,9.109,9.203,9.815,9.891,10.229,10.503,10.512,10.594,10.913,11.406,11.571,12.947,13.46,14.058,14.239,14.546,14.461,15.347,13.017,16.309,16.826,17.796,16.958,16.669,16.864,17.73,17.45,17.666,19.292,18.785,19.474,24.751,24.284,24.839,25.504,27.287,27.239,27.737,28.248,31.205,29.291,30.41,31.195,29.992,29.253,29.55,32.279,30.937,33.064,32.919,35.425,35.725,36.302,36.611,38.139,39.978,42.14,41.478,41.434,45.276,45.276,43.761,43.402,45.891,46.647,47.789,48.32,51.368,50.224,52.195,53.412,54.764,54.224,51.253,47.623,45.267,44.085,46.029,44.904,49.21,47.758,48.725,50.415,54.144,54.45,56.443,56.577,58.645,60.064,59.048,58.984,65.88,69.237,65.75,66.926,69.986,77.39,76.43,85.878,75.662,76.504,77.983,76.687,77.474,78.291,76.018,76.877,80.721,80.891,82.311,80.601,79.63,82.718,82.789,83.373,83.612,87.289,87.67,93.168,93.46,95.602,101.98,108.959,115.599,106.239,107.726,102.841,103.701,106.331,107.414,109.461,112.253,116.497,115.176,130.38,115.581,118.558,121.875,121.028
"29","21","State and local","B829RA3",12.014,12.177,12.461,12.663,12.644,13.008,13.239,13.559,14.12,14.925,15.546,15.843,16.237,16.375,16.387,16.397,16.235,16.511,16.591,16.564,16.616,16.969,16.51,16.9,17.262,17.232,17.693,18.124,18.775,18.848,19.373,19.463,20.28,20.546,20.514,20.634,20.857,21.113,21.218,21.434,21.973,22.158,22.471,23.03,23.681,24.023,24.548,24.996,25.203,25.272,25.294,25.159,25.597,26.223,26.614,26.919,27.792,27.604,27.838,28.61,28.403,28.607,28.972,29.288,29.839,30.11,30.915,31.346,31.813,32.544,32.899,33.247,33.562,34.414,35.383,35.893,36.338,36.619,37.042,37.995,38.465,38.675,38.827,39.504,40.197,40.979,41.568,41.927,42.268,42.623,42.713,42.625,43.021,43.251,44.228,44.451,44.653,44.952,45.063,45.642,45.792,45.695,46.068,46.717,46.928,47.009,47.503,48.085,48.713,49.339,49.286,49.317,50.778,50.401,51.025,51.675,52.238,51.342,50.983,50.821,51.31,51.614,51.56,51.645,51.657,53.172,53.768,54.268,53.375,53.869,54.066,54.683,54.936,54.218,53.456,53.223,53.623,52.596,52.427,52.844,52.68,52.846,52.85,53.217,53.408,53.279,53.7,53.667,54.281,54.984,55.942,56.569,57.256,58.439,59.565,60.258,61.759,62.514,63.114,63.29,63.449,63.446,63.393,64.012,64.922,65.773,66.099,66.939,67.29,67.965,68.595,69.512,70.609,70.73,71.172,71.939,72.031,72.317,72.733,73.258,74.201,74.106,74.153,74.165,74.467,75.107,75.523,75.88,76.093,76.899,77.761,78.034,78.659,79.279,79.329,79.72,79.556,80.706,81.434,82.662,83.534,83.832,84.135,84.419,85.101,86.686,88.313,89.063,90.065,90.636,91.435,92.579,93.332,93.347,93.827,94.47,95.564,97.518,96.931,98.931,100.03,100.302,100.711,100.848,100.511,100.201,100.608,100.31,100.325,100.575,100.14,99.895,99.806,99.922,99.995,100.277,100.205,100.851,101.149,101.437,102.203,102.875,103.11,103.356,103.234,103.549,103.576,103.061,102.66,103.64,103.479,103.394
"30","22","  Consumption expenditures","B991RA3",13.781,14.024,14.281,14.365,14.143,14.212,14.246,14.448,14.943,15.334,15.748,16.074,16.511,16.535,16.467,16.443,16.339,16.37,16.471,16.569,16.389,16.999,16.503,16.75,17.082,17.025,17.399,17.389,17.647,17.757,18.132,18.28,18.899,19.033,19.213,19.404,19.394,19.704,19.972,20.255,20.354,20.65,21.078,21.46,21.923,22.394,22.753,23.002,23.117,23.287,23.565,23.869,24.237,24.76,24.928,25.289,25.833,26.22,26.178,26.42,26.463,26.787,27.044,27.348,27.588,27.97,28.478,28.874,29.412,29.868,30.277,30.805,31.197,31.814,32.377,32.865,33.317,33.745,34.224,34.811,34.866,35.241,35.866,36.381,37.076,37.532,38.2,38.776,39.407,39.985,40.564,41.241,41.863,42.341,43.025,43.625,44.131,44.531,45.036,45.566,45.873,46.309,46.763,47.113,47.337,47.757,48.438,48.975,49.529,50.045,50.551,51.155,52.167,52.738,53.167,53.168,53.236,53.327,53.643,53.954,54.198,54.324,54.72,54.998,55.324,55.362,55.759,56.189,56.31,55.96,55.725,56.107,56.128,56.013,55.842,55.637,55.41,55.447,55.827,56.054,56.295,56.536,56.523,56.669,57.192,57.11,57.127,57.154,57.376,57.861,58.525,59.106,59.762,60.594,61.818,62.825,64.084,64.881,65.459,66.126,65.876,65.935,65.646,66.196,67.337,67.85,68.374,69.005,69.51,70.017,70.639,71.265,71.945,72.36,72.89,73.224,73.578,73.926,74.206,74.557,75.119,75.553,76.136,76.405,76.878,77.068,77.527,77.862,78.532,79.14,79.607,79.889,80.548,80.939,81.261,81.674,81.642,82.561,82.844,83.323,83.731,84.36,85.136,85.949,86.941,87.945,88.874,89.618,90.485,91.184,91.916,92.569,92.817,93.299,93.737,94.296,95.21,96.214,97.257,98.32,99.282,99.926,100.293,100.25,99.95,99.733,99.481,99.349,99.501,99.602,99.6,99.761,99.849,99.893,100.14,100.118,100.167,100.372,100.848,101.481,101.948,102.494,102.73,102.919,103.103,103.144,103.341,103.431,103.323,103.356,102.848,102.812
"31","23","  Gross investment","B799RA3",8.164,8.148,8.497,8.975,9.421,10.472,11.158,11.761,12.49,14.284,15.413,15.648,15.949,16.383,16.598,16.694,16.387,17.257,17.286,16.962,17.574,17.313,16.932,17.676,18.118,18.153,18.846,20.415,22.119,22.098,23.037,22.967,24.338,24.971,24.352,24.284,25.135,25.254,24.929,24.98,26.685,26.582,26.598,27.636,28.806,28.791,29.783,30.795,31.279,31.068,30.354,28.94,29.57,30.489,31.539,31.675,33.541,31.601,32.683,35.102,34.111,33.939,34.637,34.986,36.506,36.423,38.16,38.695,38.93,40.529,40.702,40.467,40.525,42.119,44.374,44.95,45.358,45.155,45.39,47.528,49.372,49.03,47.578,48.783,49.446,51.303,51.602,51.202,50.539,50.127,48.55,45.85,45.458,44.837,46.776,45.716,44.875,44.82,43.592,44.311,43.926,42.019,42.103,43.753,43.918,42.837,42.67,43.375,44.21,45.153,43.344,41.61,44.35,41.091,42.298,44.98,47.124,43.107,40.58,38.871,40.13,41.001,39.433,38.855,37.799,44.262,45.512,46.23,41.963,45.266,46.901,48.279,49.288,46.584,43.888,43.571,46.026,41.537,39.577,40.598,39.116,39.032,39.092,40.173,39.256,38.967,40.753,40.507,42.47,43.926,45.914,46.7,47.5,49.955,50.711,50.243,52.618,53.214,53.883,52.26,53.919,53.686,54.504,55.374,55.42,57.519,57.104,58.719,58.489,59.787,60.446,62.458,65.141,64.139,64.24,66.683,65.749,65.791,66.741,67.961,70.433,68.23,66.128,65.102,64.71,67.161,67.401,67.845,66.208,67.821,70.283,70.517,71.003,72.546,71.497,71.801,71.105,73.186,75.701,79.964,82.736,81.688,80.062,78.188,77.616,81.564,86.037,86.814,88.377,88.424,89.503,92.699,95.563,93.62,94.275,95.268,97.128,103.122,95.598,101.575,103.259,101.954,102.543,103.452,102.947,102.224,105.525,104.488,103.897,104.802,102.476,100.475,99.619,100.047,99.376,100.957,100.353,102.892,102.435,101.27,103.293,104.496,104.727,105.211,103.799,105.273,104.575,101.554,99.976,104.735,105.975,105.693
"32","24","    Structures","B842RA3",11.152,11.079,11.565,12.26,12.517,14.223,15.362,16.308,17.54,20.043,21.595,21.84,22.415,23.113,23.525,23.791,23.099,24.447,24.466,23.995,24.799,24.375,23.769,24.886,25.494,25.521,26.566,28.967,31.353,31.353,32.751,32.602,34.847,35.752,34.851,34.867,35.873,35.947,35.353,35.39,37.627,37.327,37.25,38.76,40.766,40.7,42.188,43.689,44.337,43.96,42.821,40.576,41.294,42.607,44.164,44.303,47.212,44.159,45.782,49.472,47.775,47.469,48.5,48.977,50.923,50.669,53.182,53.873,53.985,56.278,56.402,55.877,56.024,58.301,61.581,62.324,62.836,62.315,62.495,65.597,68.472,67.844,65.628,67.474,68.408,71.146,71.402,70.639,69.517,68.746,66.232,62.117,61.352,60.5,63.276,61.779,60.546,60.417,58.458,59.35,58.492,55.455,55.363,57.658,57.676,55.871,55.393,56.098,57.113,58.368,55.745,53.327,57.386,52.597,54.387,58.39,61.644,55.706,51.985,49.473,51.482,52.799,50.453,49.533,47.815,57.25,58.908,59.755,53.224,57.927,60.141,61.967,63.251,59.143,55.122,54.673,58.384,51.857,48.959,50.338,47.972,47.696,47.61,48.991,47.241,46.436,48.617,47.821,50.214,51.864,54.241,54.839,55.478,58.575,59.281,58.206,61.248,61.817,62.644,60.172,62.46,61.911,62.882,63.929,63.818,66.394,65.234,66.883,65.624,66.568,66.734,68.907,72.295,70.673,70.791,74.193,73.224,73.356,74.709,76.216,79.413,75.867,72.566,70.889,70.393,73.804,73.696,73.964,70.784,72.534,75.511,75.319,75.58,77.254,75.577,75.694,74.776,77.543,80.806,86.393,88.876,86.996,84.132,81.02,79.068,83.54,88.85,89.129,90.488,89.735,90.66,94.64,98.021,94.957,95.63,96.551,98.65,106.503,97.066,104.723,106.42,104.775,105.367,106.777,105.765,104.759,108.363,106.73,106.108,107.145,103.936,101.12,100.115,100.245,99.094,100.545,99.201,101.809,100.878,99.286,101.526,102.812,102.946,103.318,101.527,103.189,102.62,99.395,98.008,103.554,104.973,104.344
"33","25","    Equipment and software","B881RA3",1.71,1.772,1.833,1.88,2.433,2.298,2.179,2.15,2.008,2.315,2.536,2.68,2.536,2.498,2.403,2.266,2.524,2.512,2.545,2.512,2.68,2.709,2.737,2.764,2.852,2.885,2.906,2.914,3.197,3.159,3.217,3.265,3.12,3.203,3.139,3.01,3.347,3.47,3.577,3.625,4.081,4.254,4.38,4.483,4.225,4.279,4.319,4.383,4.497,4.565,4.622,4.723,5.032,5.152,5.219,5.305,5.245,5.343,5.387,5.408,5.634,5.687,5.735,5.807,6.295,6.46,6.641,6.805,7.126,7.32,7.505,7.723,7.648,7.853,8.061,8.238,8.386,8.674,8.915,9.118,9.018,9.167,9.183,9.163,9.266,9.376,9.65,9.864,10.025,10.237,10.429,10.485,10.749,10.628,10.847,10.695,10.642,10.711,10.896,11.189,11.644,11.944,12.3,12.57,12.95,13.285,13.682,14.277,14.676,14.925,14.865,14.625,14.554,14.537,14.521,14.451,14.312,14.304,14.265,14.221,13.976,13.93,13.956,14.055,14.303,14.608,14.951,15.331,15.66,16.015,16.376,16.74,17.091,17.3,17.395,17.364,17.156,17.065,17.125,17.348,17.732,18.03,18.367,18.747,19.544,20.288,21.113,21.954,22.876,23.799,24.815,25.884,26.91,27.852,28.626,29.397,30.211,30.805,31.093,31.332,31.566,31.999,32.433,32.857,33.223,34.148,35.33,36.739,38.685,40.623,42.271,43.783,44.749,45.162,45.222,45.415,44.632,44.476,44.484,44.983,45.698,46.553,47.21,47.689,47.565,47.731,48.733,49.544,51.5,52.693,53.81,55.002,55.964,57.1,57.638,58.415,58.366,58.636,59.109,59.717,63.018,64.181,65.942,67.557,70.973,73.366,75.301,77.532,79.623,82.091,83.593,84.206,85.326,87.09,87.685,88.926,89.974,89.455,88.751,88.668,90.261,90.201,90.764,89.782,91.206,91.563,93.651,94.922,94.426,94.779,96.095,97.573,97.383,99.138,100.647,102.831,105.733,107.928,109.831,110.866,111.775,112.548,113.315,114.41,115.125,115.514,114.088,112.291,109.625,109.669,109.851,111.58
"34",NA,NA,NA,NA,NA,NA,NA,NA,NA,NA,NA,NA,NA,NA,NA,NA,NA,NA,NA,NA,NA,NA,NA,NA,NA,NA,NA,NA,NA,NA,NA,NA,NA,NA,NA,NA,NA,NA,NA,NA,NA,NA,NA,NA,NA,NA,NA,NA,NA,NA,NA,NA,NA,NA,NA,NA,NA,NA,NA,NA,NA,NA,NA,NA,NA,NA,NA,NA,NA,NA,NA,NA,NA,NA,NA,NA,NA,NA,NA,NA,NA,NA,NA,NA,NA,NA,NA,NA,NA,NA,NA,NA,NA,NA,NA,NA,NA,NA,NA,NA,NA,NA,NA,NA,NA,NA,NA,NA,NA,NA,NA,NA,NA,NA,NA,NA,NA,NA,NA,NA,NA,NA,NA,NA,NA,NA,NA,NA,NA,NA,NA,NA,NA,NA,NA,NA,NA,NA,NA,NA,NA,NA,NA,NA,NA,NA,NA,NA,NA,NA,NA,NA,NA,NA,NA,NA,NA,NA,NA,NA,NA,NA,NA,NA,NA,NA,NA,NA,NA,NA,NA,NA,NA,NA,NA,NA,NA,NA,NA,NA,NA,NA,NA,NA,NA,NA,NA,NA,NA,NA,NA,NA,NA,NA,NA,NA,NA,NA,NA,NA,NA,NA,NA,NA,NA,NA,NA,NA,NA,NA,NA,NA,NA,NA,NA,NA,NA,NA,NA,NA,NA,NA,NA,NA,NA,NA,NA,NA,NA,NA,NA,NA,NA,NA,NA,NA,NA,NA,NA,NA,NA,NA,NA,NA,NA,NA,NA,NA,NA,NA,NA,NA,NA,NA,NA
"35","1. Government consumption expenditures are services (such as education and national defense) produced by government that",NA,NA,NA,NA,NA,NA,NA,NA,NA,NA,NA,NA,NA,NA,NA,NA,NA,NA,NA,NA,NA,NA,NA,NA,NA,NA,NA,NA,NA,NA,NA,NA,NA,NA,NA,NA,NA,NA,NA,NA,NA,NA,NA,NA,NA,NA,NA,NA,NA,NA,NA,NA,NA,NA,NA,NA,NA,NA,NA,NA,NA,NA,NA,NA,NA,NA,NA,NA,NA,NA,NA,NA,NA,NA,NA,NA,NA,NA,NA,NA,NA,NA,NA,NA,NA,NA,NA,NA,NA,NA,NA,NA,NA,NA,NA,NA,NA,NA,NA,NA,NA,NA,NA,NA,NA,NA,NA,NA,NA,NA,NA,NA,NA,NA,NA,NA,NA,NA,NA,NA,NA,NA,NA,NA,NA,NA,NA,NA,NA,NA,NA,NA,NA,NA,NA,NA,NA,NA,NA,NA,NA,NA,NA,NA,NA,NA,NA,NA,NA,NA,NA,NA,NA,NA,NA,NA,NA,NA,NA,NA,NA,NA,NA,NA,NA,NA,NA,NA,NA,NA,NA,NA,NA,NA,NA,NA,NA,NA,NA,NA,NA,NA,NA,NA,NA,NA,NA,NA,NA,NA,NA,NA,NA,NA,NA,NA,NA,NA,NA,NA,NA,NA,NA,NA,NA,NA,NA,NA,NA,NA,NA,NA,NA,NA,NA,NA,NA,NA,NA,NA,NA,NA,NA,NA,NA,NA,NA,NA,NA,NA,NA,NA,NA,NA,NA,NA,NA,NA,NA,NA,NA,NA,NA,NA,NA,NA,NA,NA,NA,NA,NA,NA,NA,NA
"36","are valued at their cost of production.  Excludes government sales to other sectors and government own-account investment",NA,NA,NA,NA,NA,NA,NA,NA,NA,NA,NA,NA,NA,NA,NA,NA,NA,NA,NA,NA,NA,NA,NA,NA,NA,NA,NA,NA,NA,NA,NA,NA,NA,NA,NA,NA,NA,NA,NA,NA,NA,NA,NA,NA,NA,NA,NA,NA,NA,NA,NA,NA,NA,NA,NA,NA,NA,NA,NA,NA,NA,NA,NA,NA,NA,NA,NA,NA,NA,NA,NA,NA,NA,NA,NA,NA,NA,NA,NA,NA,NA,NA,NA,NA,NA,NA,NA,NA,NA,NA,NA,NA,NA,NA,NA,NA,NA,NA,NA,NA,NA,NA,NA,NA,NA,NA,NA,NA,NA,NA,NA,NA,NA,NA,NA,NA,NA,NA,NA,NA,NA,NA,NA,NA,NA,NA,NA,NA,NA,NA,NA,NA,NA,NA,NA,NA,NA,NA,NA,NA,NA,NA,NA,NA,NA,NA,NA,NA,NA,NA,NA,NA,NA,NA,NA,NA,NA,NA,NA,NA,NA,NA,NA,NA,NA,NA,NA,NA,NA,NA,NA,NA,NA,NA,NA,NA,NA,NA,NA,NA,NA,NA,NA,NA,NA,NA,NA,NA,NA,NA,NA,NA,NA,NA,NA,NA,NA,NA,NA,NA,NA,NA,NA,NA,NA,NA,NA,NA,NA,NA,NA,NA,NA,NA,NA,NA,NA,NA,NA,NA,NA,NA,NA,NA,NA,NA,NA,NA,NA,NA,NA,NA,NA,NA,NA,NA,NA,NA,NA,NA,NA,NA,NA,NA,NA,NA,NA,NA,NA,NA,NA,NA,NA,NA
"37","(construction and software).",NA,NA,NA,NA,NA,NA,NA,NA,NA,NA,NA,NA,NA,NA,NA,NA,NA,NA,NA,NA,NA,NA,NA,NA,NA,NA,NA,NA,NA,NA,NA,NA,NA,NA,NA,NA,NA,NA,NA,NA,NA,NA,NA,NA,NA,NA,NA,NA,NA,NA,NA,NA,NA,NA,NA,NA,NA,NA,NA,NA,NA,NA,NA,NA,NA,NA,NA,NA,NA,NA,NA,NA,NA,NA,NA,NA,NA,NA,NA,NA,NA,NA,NA,NA,NA,NA,NA,NA,NA,NA,NA,NA,NA,NA,NA,NA,NA,NA,NA,NA,NA,NA,NA,NA,NA,NA,NA,NA,NA,NA,NA,NA,NA,NA,NA,NA,NA,NA,NA,NA,NA,NA,NA,NA,NA,NA,NA,NA,NA,NA,NA,NA,NA,NA,NA,NA,NA,NA,NA,NA,NA,NA,NA,NA,NA,NA,NA,NA,NA,NA,NA,NA,NA,NA,NA,NA,NA,NA,NA,NA,NA,NA,NA,NA,NA,NA,NA,NA,NA,NA,NA,NA,NA,NA,NA,NA,NA,NA,NA,NA,NA,NA,NA,NA,NA,NA,NA,NA,NA,NA,NA,NA,NA,NA,NA,NA,NA,NA,NA,NA,NA,NA,NA,NA,NA,NA,NA,NA,NA,NA,NA,NA,NA,NA,NA,NA,NA,NA,NA,NA,NA,NA,NA,NA,NA,NA,NA,NA,NA,NA,NA,NA,NA,NA,NA,NA,NA,NA,NA,NA,NA,NA,NA,NA,NA,NA,NA,NA,NA,NA,NA,NA,NA,NA
"38","2. Gross government investment consists of general government and government enterprise expenditures for fixed assets; inventory",NA,NA,NA,NA,NA,NA,NA,NA,NA,NA,NA,NA,NA,NA,NA,NA,NA,NA,NA,NA,NA,NA,NA,NA,NA,NA,NA,NA,NA,NA,NA,NA,NA,NA,NA,NA,NA,NA,NA,NA,NA,NA,NA,NA,NA,NA,NA,NA,NA,NA,NA,NA,NA,NA,NA,NA,NA,NA,NA,NA,NA,NA,NA,NA,NA,NA,NA,NA,NA,NA,NA,NA,NA,NA,NA,NA,NA,NA,NA,NA,NA,NA,NA,NA,NA,NA,NA,NA,NA,NA,NA,NA,NA,NA,NA,NA,NA,NA,NA,NA,NA,NA,NA,NA,NA,NA,NA,NA,NA,NA,NA,NA,NA,NA,NA,NA,NA,NA,NA,NA,NA,NA,NA,NA,NA,NA,NA,NA,NA,NA,NA,NA,NA,NA,NA,NA,NA,NA,NA,NA,NA,NA,NA,NA,NA,NA,NA,NA,NA,NA,NA,NA,NA,NA,NA,NA,NA,NA,NA,NA,NA,NA,NA,NA,NA,NA,NA,NA,NA,NA,NA,NA,NA,NA,NA,NA,NA,NA,NA,NA,NA,NA,NA,NA,NA,NA,NA,NA,NA,NA,NA,NA,NA,NA,NA,NA,NA,NA,NA,NA,NA,NA,NA,NA,NA,NA,NA,NA,NA,NA,NA,NA,NA,NA,NA,NA,NA,NA,NA,NA,NA,NA,NA,NA,NA,NA,NA,NA,NA,NA,NA,NA,NA,NA,NA,NA,NA,NA,NA,NA,NA,NA,NA,NA,NA,NA,NA,NA,NA,NA,NA,NA,NA,NA
"39","investment is included in government consumption expenditures.",NA,NA,NA,NA,NA,NA,NA,NA,NA,NA,NA,NA,NA,NA,NA,NA,NA,NA,NA,NA,NA,NA,NA,NA,NA,NA,NA,NA,NA,NA,NA,NA,NA,NA,NA,NA,NA,NA,NA,NA,NA,NA,NA,NA,NA,NA,NA,NA,NA,NA,NA,NA,NA,NA,NA,NA,NA,NA,NA,NA,NA,NA,NA,NA,NA,NA,NA,NA,NA,NA,NA,NA,NA,NA,NA,NA,NA,NA,NA,NA,NA,NA,NA,NA,NA,NA,NA,NA,NA,NA,NA,NA,NA,NA,NA,NA,NA,NA,NA,NA,NA,NA,NA,NA,NA,NA,NA,NA,NA,NA,NA,NA,NA,NA,NA,NA,NA,NA,NA,NA,NA,NA,NA,NA,NA,NA,NA,NA,NA,NA,NA,NA,NA,NA,NA,NA,NA,NA,NA,NA,NA,NA,NA,NA,NA,NA,NA,NA,NA,NA,NA,NA,NA,NA,NA,NA,NA,NA,NA,NA,NA,NA,NA,NA,NA,NA,NA,NA,NA,NA,NA,NA,NA,NA,NA,NA,NA,NA,NA,NA,NA,NA,NA,NA,NA,NA,NA,NA,NA,NA,NA,NA,NA,NA,NA,NA,NA,NA,NA,NA,NA,NA,NA,NA,NA,NA,NA,NA,NA,NA,NA,NA,NA,NA,NA,NA,NA,NA,NA,NA,NA,NA,NA,NA,NA,NA,NA,NA,NA,NA,NA,NA,NA,NA,NA,NA,NA,NA,NA,NA,NA,NA,NA,NA,NA,NA,NA,NA,NA,NA,NA,NA,NA,NA
