"","Table 3#10#4# Price Indexes for Government Consumption Expenditu","F2","F3","F4","F5","F6","F7","F8","F9","F10","F11","F12","F13","F14","F15","F16","F17","F18","F19","F20","F21","F22","F23","F24","F25","F26","F27","F28","F29","F30","F31","F32","F33","F34","F35","F36","F37","F38","F39","F40","F41","F42","F43","F44","F45","F46","F47","F48","F49","F50","F51","F52","F53","F54","F55","F56","F57","F58","F59","F60","F61","F62","F63","F64","F65","F66","F67","F68","F69","F70","F71","F72","F73","F74","F75","F76","F77","F78","F79","F80","F81","F82","F83","F84","F85","F86","F87","F88","F89","F90","F91","F92","F93"
"1","[Index numbers, 2005=100]; Seasonally adjusted                                                                                 ",NA,NA,NA,NA,NA,NA,NA,NA,NA,NA,NA,NA,NA,NA,NA,NA,NA,NA,NA,NA,NA,NA,NA,NA,NA,NA,NA,NA,NA,NA,NA,NA,NA,NA,NA,NA,NA,NA,NA,NA,NA,NA,NA,NA,NA,NA,NA,NA,NA,NA,NA,NA,NA,NA,NA,NA,NA,NA,NA,NA,NA,NA,NA,NA,NA,NA,NA,NA,NA,NA,NA,NA,NA,NA,NA,NA,NA,NA,NA,NA,NA,NA,NA,NA,NA,NA,NA,NA,NA,NA,NA,NA
"2","Quarterly data from 1947 To 1969",NA,NA,NA,NA,NA,NA,NA,NA,NA,NA,NA,NA,NA,NA,NA,NA,NA,NA,NA,NA,NA,NA,NA,NA,NA,NA,NA,NA,NA,NA,NA,NA,NA,NA,NA,NA,NA,NA,NA,NA,NA,NA,NA,NA,NA,NA,NA,NA,NA,NA,NA,NA,NA,NA,NA,NA,NA,NA,NA,NA,NA,NA,NA,NA,NA,NA,NA,NA,NA,NA,NA,NA,NA,NA,NA,NA,NA,NA,NA,NA,NA,NA,NA,NA,NA,NA,NA,NA,NA,NA,NA,NA
"3","Bureau of Economic Analysis",NA,NA,NA,NA,NA,NA,NA,NA,NA,NA,NA,NA,NA,NA,NA,NA,NA,NA,NA,NA,NA,NA,NA,NA,NA,NA,NA,NA,NA,NA,NA,NA,NA,NA,NA,NA,NA,NA,NA,NA,NA,NA,NA,NA,NA,NA,NA,NA,NA,NA,NA,NA,NA,NA,NA,NA,NA,NA,NA,NA,NA,NA,NA,NA,NA,NA,NA,NA,NA,NA,NA,NA,NA,NA,NA,NA,NA,NA,NA,NA,NA,NA,NA,NA,NA,NA,NA,NA,NA,NA,NA,NA
"4","Data published August 26, 2011   ",NA,NA,NA,NA,NA,NA,NA,NA,NA,NA,NA,NA,NA,NA,NA,NA,NA,NA,NA,NA,NA,NA,NA,NA,NA,NA,NA,NA,NA,NA,NA,NA,NA,NA,NA,NA,NA,NA,NA,NA,NA,NA,NA,NA,NA,NA,NA,NA,NA,NA,NA,NA,NA,NA,NA,NA,NA,NA,NA,NA,NA,NA,NA,NA,NA,NA,NA,NA,NA,NA,NA,NA,NA,NA,NA,NA,NA,NA,NA,NA,NA,NA,NA,NA,NA,NA,NA,NA,NA,NA,NA,NA
"5","File created 8/25/2011 10:20:55 AM",NA,NA,NA,NA,NA,NA,NA,NA,NA,NA,NA,NA,NA,NA,NA,NA,NA,NA,NA,NA,NA,NA,NA,NA,NA,NA,NA,NA,NA,NA,NA,NA,NA,NA,NA,NA,NA,NA,NA,NA,NA,NA,NA,NA,NA,NA,NA,NA,NA,NA,NA,NA,NA,NA,NA,NA,NA,NA,NA,NA,NA,NA,NA,NA,NA,NA,NA,NA,NA,NA,NA,NA,NA,NA,NA,NA,NA,NA,NA,NA,NA,NA,NA,NA,NA,NA,NA,NA,NA,NA,NA,NA
"6",NA,NA,NA,NA,NA,NA,NA,NA,NA,NA,NA,NA,NA,NA,NA,NA,NA,NA,NA,NA,NA,NA,NA,NA,NA,NA,NA,NA,NA,NA,NA,NA,NA,NA,NA,NA,NA,NA,NA,NA,NA,NA,NA,NA,NA,NA,NA,NA,NA,NA,NA,NA,NA,NA,NA,NA,NA,NA,NA,NA,NA,NA,NA,NA,NA,NA,NA,NA,NA,NA,NA,NA,NA,NA,NA,NA,NA,NA,NA,NA,NA,NA,NA,NA,NA,NA,NA,NA,NA,NA,NA,NA,NA
"7","Line",NA,NA,1947,1947,1947,1947,1948,1948,1948,1948,1949,1949,1949,1949,1950,1950,1950,1950,1951,1951,1951,1951,1952,1952,1952,1952,1953,1953,1953,1953,1954,1954,1954,1954,1955,1955,1955,1955,1956,1956,1956,1956,1957,1957,1957,1957,1958,1958,1958,1958,1959,1959,1959,1959,1960,1960,1960,1960,1961,1961,1961,1961,1962,1962,1962,1962,1963,1963,1963,1963,1964,1964,1964,1964,1965,1965,1965,1965,1966,1966,1966,1966,1967,1967,1967,1967,1968,1968,1968,1968,1969,1969
"8",NA,NA,NA,1,2,3,4,1,2,3,4,1,2,3,4,1,2,3,4,1,2,3,4,1,2,3,4,1,2,3,4,1,2,3,4,1,2,3,4,1,2,3,4,1,2,3,4,1,2,3,4,1,2,3,4,1,2,3,4,1,2,3,4,1,2,3,4,1,2,3,4,1,2,3,4,1,2,3,4,1,2,3,4,1,2,3,4,1,2,3,4,1,2
"9","1","      Government consumption expenditures \1\","A955RG3",7.919,7.923,7.712,7.797,7.93,7.983,8.144,8.216,8.395,8.354,8.294,8.375,8.365,8.321,8.434,8.472,8.889,8.74,8.785,8.908,8.795,8.952,9.05,9.201,9.139,9.193,9.141,9.244,9.344,9.422,9.508,9.576,9.72,9.921,9.999,10.103,10.23,10.374,10.449,10.491,10.71,10.799,10.872,10.97,11.14,11.262,11.343,11.395,11.361,11.333,11.262,11.303,11.38,11.435,11.583,11.713,11.724,11.797,11.825,11.902,12.071,12.111,12.154,12.266,12.377,12.407,12.397,12.634,12.738,12.789,12.958,12.989,13.093,13.144,13.304,13.53,13.642,13.714,14.014,14.093,14.207,14.393,14.567,14.829,15.003,15.202,15.462,15.696,15.8,16.048
"10","2","        Gross output of general government","W101RG3",7.61,7.69,7.48,7.571,7.692,7.745,7.902,7.962,8.131,8.088,8.032,8.108,8.1,8.065,8.179,8.222,8.621,8.485,8.529,8.645,8.544,8.692,8.785,8.927,8.872,8.925,8.878,8.976,9.071,9.143,9.224,9.29,9.429,9.617,9.685,9.784,9.905,10.044,10.117,10.161,10.37,10.455,10.526,10.618,10.782,10.896,10.972,11.023,10.993,10.972,10.911,10.955,11.03,11.09,11.233,11.355,11.37,11.432,11.46,11.533,11.694,11.732,11.776,11.881,11.985,12.015,12.012,12.233,12.332,12.381,12.541,12.573,12.672,12.725,12.877,13.088,13.197,13.27,13.553,13.63,13.738,13.914,14.083,14.33,14.501,14.694,14.945,15.173,15.283,15.524
"11","3","          Value added","W102RG3",5.948,5.998,5.747,5.807,5.873,5.945,6.052,6.127,6.277,6.251,6.222,6.301,6.261,6.177,6.291,6.265,6.584,6.474,6.494,6.575,6.684,6.766,6.851,6.923,6.938,6.993,6.933,6.999,7.036,7.167,7.211,7.271,7.332,7.529,7.584,7.649,7.784,7.908,7.986,8.032,8.154,8.251,8.332,8.414,8.575,8.696,8.796,8.845,8.949,8.987,9.013,9.037,9.138,9.161,9.315,9.373,9.41,9.484,9.537,9.599,9.72,9.746,9.792,9.958,10.073,10.118,10.133,10.333,10.447,10.503,10.605,10.665,10.761,10.808,10.943,11.133,11.277,11.394,11.56,11.642,11.764,11.932,12.081,12.395,12.551,12.71,13.011,13.207,13.316,13.487
"12","4","            Compensation of general government employees","A194RG3",4.914,4.946,4.541,4.574,4.668,4.737,4.806,4.883,5.028,5.044,5.053,5.147,5.127,5.04,5.131,5.023,5.311,5.186,5.195,5.269,5.389,5.466,5.529,5.607,5.619,5.675,5.636,5.716,5.761,5.873,5.914,5.953,6.029,6.244,6.261,6.296,6.393,6.501,6.569,6.596,6.689,6.778,6.846,6.929,7.144,7.264,7.347,7.384,7.499,7.54,7.564,7.592,7.7,7.724,7.893,7.954,7.988,8.069,8.117,8.18,8.296,8.324,8.35,8.499,8.618,8.654,8.673,8.896,9.017,9.079,9.188,9.247,9.34,9.375,9.508,9.704,9.854,9.95,10.113,10.183,10.304,10.473,10.608,10.922,11.057,11.216,11.522,11.698,11.78,11.924
"13","5","            Consumption of general government fixed capital \2\","A265RG3",15.484,15.671,16.166,16.438,16.382,16.519,16.952,17.048,17.28,16.924,16.574,16.523,16.28,16.195,16.521,17.315,17.874,18.013,18.152,18.28,18.183,18.283,18.586,18.541,18.583,18.599,18.331,18.226,18.179,18.479,18.541,18.788,18.686,18.676,19.089,19.43,19.91,20.175,20.343,20.56,20.94,21.094,21.288,21.338,20.958,21.062,21.31,21.473,21.448,21.441,21.492,21.477,21.493,21.503,21.496,21.518,21.576,21.578,21.661,21.714,21.86,21.86,22.095,22.394,22.45,22.572,22.558,22.504,22.534,22.525,22.543,22.605,22.716,22.873,22.997,23.096,23.156,23.458,23.611,23.807,23.903,24.033,24.285,24.53,24.863,24.987,25.152,25.516,25.865,26.282
"14","6","          Intermediate goods and services purchased \3\","W104RG3",11.999,12.248,12.733,12.95,13.384,13.195,13.536,13.431,13.592,13.486,13.319,13.338,13.53,13.777,13.783,14.243,14.81,14.607,14.754,14.994,14.054,14.428,14.535,14.902,14.609,14.652,14.658,14.857,15.151,14.989,15.202,15.274,15.69,15.796,15.901,16.115,16.143,16.305,16.34,16.363,16.877,16.894,16.908,17.02,17.161,17.227,17.198,17.24,16.692,16.446,16.066,16.174,16.128,16.327,16.386,16.739,16.66,16.66,16.582,16.677,16.961,17.034,17.061,16.929,16.97,16.939,16.866,17.126,17.154,17.168,17.517,17.438,17.53,17.594,17.785,18.04,18.006,17.922,18.562,18.609,18.657,18.837,19.057,19.068,19.273,19.556,19.631,19.938,20.043,20.478
"15","7","            Durable goods","W105RG3",17.337,17.468,18.611,18.729,18.79,18.835,19.698,19.7,20.074,19.346,19.266,19.367,19.774,19.97,20.205,21.604,21.524,21.55,21.544,21.751,21.894,22.118,22.371,22.615,22.527,22.681,22.581,22.764,22.631,22.902,23.546,24.004,23.556,23.693,24.221,25.019,25.387,25.66,25.74,26.055,26.702,26.816,27.077,27.439,27.379,27.279,27.482,27.736,27.741,27.945,28.066,28.161,28.167,28.149,28.238,28.214,28.337,28.412,28.498,28.68,28.702,28.802,28.974,29.387,29.575,29.843,29.658,29.637,29.656,29.771,29.694,29.744,29.746,29.915,29.963,29.994,30.169,30.387,30.576,30.841,30.761,30.984,31.352,31.267,31.905,32.254,32.473,32.854,33.017,33.441
"16","8","            Nondurable goods","W106RG3",14.349,15.071,15.04,15.571,16.706,16.207,16.139,15.866,15.916,15.764,15.438,15.527,15.717,16.106,15.933,16.121,16.173,16.626,16.759,16.983,15.968,15.937,15.938,15.888,15.508,15.542,15.583,15.662,16.787,16.765,16.687,16.712,17.718,17.668,17.515,17.686,17.677,17.727,17.875,17.629,18.253,18.397,18.136,18.227,18.001,17.832,17.778,17.726,17.902,17.572,17.148,17.132,17.235,17.412,17.466,17.516,17.774,17.355,17.294,17.265,17.504,17.473,17.537,17.554,17.37,17.321,17.474,17.329,17.4,17.435,17.762,17.787,17.831,17.723,17.929,18.188,18.429,18.446,18.884,18.85,18.75,18.806,18.898,18.555,18.986,19.171,19.291,19.395,19.506,19.637
"17","9","            Services","W107RG3",11.138,11.142,11.876,11.912,12.092,11.995,12.534,12.506,12.751,12.776,12.713,12.66,12.837,13.079,13.083,13.469,14.64,13.984,14.213,14.521,12.893,13.638,13.77,14.54,14.136,14.168,14.225,14.57,14.509,13.957,14.206,14.163,14.666,14.884,15.003,15.077,15.001,15.183,15.166,15.188,15.701,15.658,15.675,15.743,16.084,16.277,16.195,16.237,15.154,14.831,14.327,14.528,14.407,14.667,14.727,15.286,15.037,15.165,15.057,15.193,15.54,15.659,15.649,15.363,15.482,15.412,15.271,15.726,15.741,15.733,16.148,16.013,16.135,16.25,16.461,16.749,16.584,16.415,17.22,17.259,17.382,17.616,17.879,18.059,18.107,18.442,18.477,18.887,18.982,19.587
"18","10","        Less: Own-account investment \4\","W108RG3",6.902,7.002,7.171,7.391,7.502,7.63,7.831,7.949,8.054,7.97,8.024,8.071,8.113,8.151,8.311,8.347,8.875,8.819,8.89,8.99,9.182,9.279,9.368,9.512,9.58,9.673,9.586,9.732,9.786,9.963,10.046,10.112,10.199,10.32,10.287,10.365,10.541,10.661,10.783,10.876,11.015,11.159,11.27,11.391,11.641,11.794,11.82,11.867,11.718,11.79,11.82,11.866,11.957,11.997,12.171,12.247,12.303,12.343,12.384,12.436,12.554,12.555,12.571,12.713,12.792,12.838,12.832,12.921,13.014,13.049,13.146,13.221,13.313,13.366,13.457,13.592,13.701,13.828,14.004,14.121,14.29,14.427,14.547,14.805,14.98,15.147,15.366,15.59,15.774,15.983
"19","11","              Sales to other sectors","W109RG3",5.309,6.208,5.991,6.194,6.208,6.266,6.414,6.289,6.338,6.267,6.228,6.254,6.294,6.352,6.5,6.649,6.862,6.88,6.901,6.95,6.991,7.04,7.068,7.07,7.089,7.134,7.213,7.209,7.281,7.216,7.231,7.28,7.356,7.418,7.388,7.426,7.48,7.568,7.63,7.711,7.829,7.871,7.912,7.941,8.033,8.054,8.096,8.13,8.175,8.235,8.284,8.404,8.457,8.61,8.699,8.76,8.813,8.754,8.772,8.808,8.892,8.917,8.998,9.033,9.058,9.094,9.191,9.266,9.32,9.356,9.43,9.481,9.534,9.617,9.71,9.798,9.88,9.971,10.114,10.175,10.223,10.306,10.452,10.553,10.713,10.875,11.06,11.254,11.432,11.627
"20","12","Federal consumption expenditures \1\","A957RG3",9.082,9.014,8.574,8.568,8.617,8.612,8.697,8.722,9.078,9.081,8.96,9.13,9.098,8.953,8.992,8.921,9.487,9.191,9.187,9.312,9.124,9.314,9.391,9.58,9.455,9.527,9.455,9.572,9.69,9.728,9.795,9.873,10.083,10.372,10.462,10.567,10.662,10.846,10.885,10.889,11.162,11.223,11.299,11.423,11.648,11.797,11.902,11.947,11.796,11.699,11.56,11.588,11.607,11.646,11.851,12.029,11.993,12.012,11.984,12.029,12.191,12.228,12.286,12.422,12.519,12.519,12.482,12.808,12.935,12.968,13.212,13.219,13.304,13.349,13.54,13.857,13.884,13.853,14.21,14.206,14.188,14.359,14.51,14.827,14.976,15.169,15.482,15.693,15.706,15.909
"21","13","      Gross output of general government","W110RG3",8.996,9.06,8.591,8.594,8.623,8.627,8.713,8.726,9.089,9.09,8.966,9.134,9.105,8.963,9.003,8.933,9.5,9.213,9.208,9.331,9.146,9.336,9.41,9.598,9.475,9.548,9.475,9.591,9.712,9.745,9.812,9.893,10.105,10.389,10.47,10.576,10.67,10.857,10.897,10.903,11.174,11.234,11.31,11.431,11.661,11.808,11.908,11.953,11.807,11.714,11.578,11.608,11.626,11.666,11.868,12.043,12.008,12.027,11.999,12.044,12.206,12.242,12.3,12.436,12.533,12.533,12.498,12.821,12.949,12.983,13.225,13.232,13.316,13.36,13.55,13.863,13.89,13.863,14.213,14.21,14.192,14.362,14.514,14.833,14.983,15.176,15.49,15.706,15.727,15.927
"22","14","        Value added","W111RG3",6.401,6.435,5.993,5.984,5.97,5.991,6.024,6.056,6.333,6.344,6.278,6.438,6.359,6.156,6.241,6.108,6.516,6.29,6.236,6.3,6.442,6.517,6.573,6.647,6.625,6.704,6.623,6.686,6.704,6.81,6.807,6.876,6.966,7.255,7.315,7.362,7.471,7.633,7.68,7.69,7.825,7.894,7.978,8.08,8.303,8.452,8.608,8.651,8.75,8.776,8.799,8.801,8.841,8.818,9.037,9.09,9.098,9.115,9.122,9.134,9.205,9.209,9.274,9.506,9.609,9.631,9.629,9.898,10.055,10.092,10.218,10.29,10.339,10.387,10.545,10.832,10.895,10.94,11.068,11.043,11.005,11.137,11.222,11.659,11.783,11.897,12.298,12.437,12.465,12.519
"23","15","          Compensation of general government employees","B568RG3",4.775,4.794,4.091,4.032,4.058,4.073,4.032,4.056,4.323,4.391,4.375,4.548,4.467,4.252,4.306,4.085,4.445,4.237,4.185,4.235,4.364,4.432,4.461,4.518,4.502,4.563,4.515,4.575,4.584,4.669,4.649,4.685,4.773,5.067,5.092,5.099,5.154,5.292,5.328,5.31,5.387,5.443,5.494,5.577,5.846,5.992,6.118,6.138,6.247,6.27,6.278,6.276,6.312,6.285,6.516,6.567,6.565,6.585,6.576,6.582,6.638,6.648,6.675,6.868,6.968,6.972,6.975,7.275,7.437,7.48,7.613,7.679,7.721,7.754,7.904,8.195,8.257,8.271,8.387,8.34,8.289,8.401,8.46,8.878,8.974,9.078,9.456,9.565,9.552,9.568
"24","16","          Consumption of general government fixed capital \2\","B995RG3",17.28,17.416,17.966,18.218,18.029,18.125,18.619,18.729,19.08,18.725,18.314,18.316,18.227,18.156,18.445,19.27,19.7,19.692,19.773,19.902,19.888,19.899,20.174,20.321,20.265,20.417,20.092,20.108,20.192,20.396,20.563,20.869,20.888,20.848,21.171,21.552,22.055,22.287,22.411,22.658,23.201,23.332,23.64,23.826,23.468,23.538,23.828,24.052,23.995,24.031,24.166,24.202,24.249,24.271,24.261,24.294,24.375,24.365,24.49,24.551,24.701,24.652,24.993,25.402,25.469,25.617,25.576,25.453,25.477,25.451,25.461,25.535,25.616,25.765,25.907,25.993,26.025,26.288,26.432,26.615,26.725,26.938,27.189,27.46,27.739,27.857,28.157,28.465,28.824,29.172
"25","17","        Intermediate goods and services purchased \3\","W113RG3",13.629,13.922,14.854,14.952,15.414,15.124,15.427,15.233,15.676,15.624,15.299,15.328,15.701,16.124,15.645,16.27,17.079,16.745,17.003,17.324,15.873,16.408,16.518,17.028,16.609,16.651,16.62,16.885,17.31,17.081,17.393,17.483,18.078,18.218,18.344,18.638,18.623,18.828,18.818,18.811,19.492,19.495,19.51,19.665,19.855,19.947,19.827,19.861,18.896,18.411,17.775,17.882,17.807,18.073,18.128,18.694,18.518,18.539,18.391,18.538,18.969,19.096,19.11,18.911,18.966,18.892,18.752,19.171,19.178,19.196,19.755,19.537,19.72,19.739,19.984,20.316,20.233,20,20.933,20.994,21.025,21.274,21.586,21.554,21.762,22.142,22.199,22.593,22.597,23.162
"26","18","          Durable goods","W114RG3",17.156,17.247,18.598,18.647,18.663,18.638,19.456,19.38,19.794,19.117,19.056,19.171,19.616,19.793,19.956,21.362,21.251,21.272,21.278,21.479,21.617,21.847,22.102,22.351,22.255,22.415,22.317,22.5,22.369,22.624,23.276,23.736,23.249,23.377,23.883,24.676,25.032,25.34,25.426,25.744,26.44,26.579,26.865,27.253,27.189,27.083,27.281,27.511,27.603,27.76,27.913,28.003,27.995,27.973,28.048,28.023,28.075,28.144,28.244,28.359,28.453,28.578,28.746,29.217,29.43,29.645,29.428,29.404,29.422,29.483,29.397,29.451,29.453,29.56,29.629,29.658,29.765,29.959,30.132,30.384,30.304,30.494,30.865,30.76,31.407,31.727,31.973,32.352,32.461,32.909
"27","19","          Nondurable goods","W115RG3",18.732,20.742,19.775,19.965,23.572,20.892,19.572,18.423,18.392,19.2,20.506,23.892,28.957,31.154,17.909,3.306,22.207,19.964,18.496,18.531,17.779,18.602,18.948,18.993,18.109,17.938,17.802,17.938,19.776,19.822,19.788,19.835,21.547,21.431,21.094,21.376,21.152,21.101,21.415,20.677,21.548,21.815,21.256,21.591,21.302,21.007,20.742,20.613,21.614,20.775,19.946,19.805,20.084,20.32,20.333,20.437,21.012,19.97,19.824,19.754,20.215,20.22,20.277,20.348,19.86,19.721,20.011,19.643,19.674,19.939,20.689,20.582,20.792,20.137,20.376,20.709,21.2,21.086,21.775,21.759,21.438,21.487,21.547,20.821,21.538,21.783,21.908,22.024,22.135,22.126
"28","20","          Services","W116RG3",13.039,12.898,14.456,14.366,14.487,14.603,15.155,14.949,15.334,15.287,15.049,14.871,15.251,15.783,15.535,16.24,18.512,17.135,17.479,17.912,15.096,16.275,16.436,17.615,16.916,16.949,17.011,17.512,17.425,16.493,16.872,16.734,17.606,17.931,18.096,18.179,18.012,18.257,18.119,18.105,18.859,18.768,18.753,18.813,19.264,19.516,19.282,19.304,17.083,16.451,15.543,15.796,15.598,15.976,16.046,16.909,16.498,16.684,16.488,16.701,17.204,17.383,17.354,16.917,17.099,16.977,16.758,17.449,17.448,17.401,18.03,17.741,17.96,18.101,18.395,18.793,18.529,18.172,19.365,19.397,19.533,19.865,20.26,20.49,20.429,20.91,20.901,21.441,21.367,22.241
"29","21","      Less: Own-account investment \4\","W117RG3",7.413,7.578,7.907,8.057,7.695,7.614,7.538,7.479,7.986,7.93,7.978,8.193,8.116,7.9,7.979,7.849,8.946,8.657,8.553,8.592,8.886,8.974,8.971,9.098,9.131,9.259,9.112,9.246,9.2,9.337,9.278,9.355,9.47,9.674,9.598,9.618,9.724,9.926,9.99,10.018,10.134,10.207,10.301,10.432,10.786,10.999,11.032,11.037,11.121,11.155,11.196,11.24,11.281,11.297,11.677,11.789,11.838,11.84,11.845,11.889,12.017,11.983,12.011,12.32,12.348,12.39,12.402,12.54,12.776,12.815,13.014,13.016,13.102,13.173,13.263,13.452,13.545,13.584,13.713,13.725,13.811,13.884,13.952,14.435,14.551,14.675,15.001,15.248,15.335,15.443
"30","22","            Sales to other sectors","W118RG3",9.489,12.763,11.282,12.134,11.422,11.965,12.242,11.511,12.36,12.222,11.639,11.54,11.898,11.968,12.231,12.329,12.99,13.032,12.935,12.87,12.81,13.248,12.938,12.719,12.829,12.894,12.902,12.556,13.352,12.822,12.922,13.079,13.431,13.663,13.397,13.579,13.559,13.868,13.893,14.209,14.491,14.444,14.483,14.423,14.943,14.931,14.801,14.834,14.788,14.928,14.915,15.106,15.088,15.123,14.957,14.862,14.948,14.884,14.814,14.865,15.052,15.074,15.135,15.129,15.265,15.224,15.49,15.682,15.702,15.934,15.916,15.897,15.958,15.916,16.017,16.197,16.153,16.348,16.397,16.439,16.371,16.475,16.847,17.246,17.507,17.907,18.386,19.175,20.2,20.004
"31","23","    Defense consumption expenditures \1\","A997RG3",9.107,9.106,8.308,8.305,8.47,8.547,8.69,8.748,8.955,8.936,8.834,8.948,8.891,8.756,8.893,8.967,9.313,9.048,9.061,9.184,8.918,9.119,9.192,9.378,9.236,9.301,9.235,9.345,9.51,9.516,9.609,9.681,9.857,10.16,10.306,10.424,10.53,10.713,10.728,10.753,11.042,11.083,11.163,11.264,11.465,11.585,11.715,11.76,11.575,11.493,11.373,11.408,11.417,11.463,11.619,11.811,11.73,11.77,11.732,11.78,11.916,11.965,12.029,12.105,12.269,12.257,12.19,12.575,12.66,12.659,12.882,12.884,12.966,13.019,13.23,13.557,13.538,13.495,13.891,13.859,13.833,14.012,14.173,14.516,14.607,14.791,15.091,15.28,15.291,15.513
"32","24","      Gross output of general government","W085RG3",9.115,9.114,8.318,8.316,8.481,8.558,8.702,8.759,8.967,8.947,8.845,8.959,8.902,8.766,8.904,8.978,9.326,9.066,9.079,9.202,8.937,9.138,9.21,9.396,9.255,9.32,9.253,9.363,9.528,9.534,9.626,9.699,9.874,10.177,10.319,10.437,10.542,10.724,10.74,10.765,11.053,11.095,11.174,11.274,11.477,11.596,11.725,11.77,11.589,11.508,11.389,11.425,11.434,11.479,11.636,11.825,11.746,11.785,11.747,11.795,11.93,11.979,12.042,12.119,12.281,12.27,12.203,12.586,12.671,12.67,12.892,12.894,12.975,13.028,13.237,13.56,13.541,13.5,13.89,13.86,13.834,14.014,14.175,14.517,14.608,14.792,15.092,15.28,15.292,15.514
"33","25","        Value added","W086RG3",6.779,6.772,6.08,6.075,6.173,6.233,6.302,6.366,6.524,6.546,6.47,6.584,6.502,6.313,6.429,6.355,6.569,6.394,6.371,6.452,6.547,6.623,6.678,6.74,6.696,6.773,6.703,6.769,6.799,6.908,6.904,6.97,7.05,7.341,7.415,7.466,7.573,7.723,7.773,7.788,7.93,7.994,8.082,8.174,8.362,8.497,8.663,8.708,8.82,8.845,8.869,8.874,8.917,8.899,9.07,9.113,9.099,9.109,9.105,9.117,9.183,9.193,9.272,9.461,9.577,9.594,9.589,9.911,10.011,10.056,10.156,10.239,10.279,10.31,10.487,10.788,10.839,10.892,11.024,10.996,10.939,11.095,11.194,11.622,11.731,11.836,12.255,12.359,12.408,12.463
"34","26","          Compensation of general government employees","B237RG3",5.148,5.106,3.983,3.889,4.079,4.149,4.149,4.199,4.341,4.441,4.393,4.532,4.446,4.241,4.317,4.128,4.309,4.142,4.113,4.169,4.258,4.325,4.358,4.401,4.373,4.42,4.388,4.447,4.465,4.546,4.53,4.557,4.633,4.931,4.967,4.967,5.014,5.138,5.167,5.149,5.226,5.276,5.328,5.396,5.639,5.774,5.904,5.923,6.048,6.072,6.082,6.083,6.122,6.105,6.281,6.325,6.305,6.316,6.297,6.293,6.348,6.368,6.396,6.546,6.663,6.66,6.671,7.036,7.146,7.194,7.305,7.385,7.417,7.435,7.603,7.914,7.967,7.988,8.11,8.056,7.984,8.118,8.189,8.601,8.681,8.78,9.177,9.248,9.256,9.272
"35","27","          Consumption of general government fixed capital \2\","B432RG3",16.487,16.612,16.946,17.32,17.165,17.266,17.684,17.859,18.122,17.752,17.51,17.465,17.378,17.283,17.617,18.416,18.725,18.797,18.927,19.154,19.094,19.11,19.3,19.448,19.311,19.559,19.221,19.265,19.365,19.602,19.705,20.038,20.056,19.986,20.302,20.719,21.215,21.439,21.615,21.879,22.408,22.528,22.821,23.016,22.648,22.688,23,23.207,23.161,23.177,23.287,23.315,23.356,23.343,23.392,23.403,23.437,23.44,23.537,23.656,23.759,23.699,24.077,24.439,24.489,24.627,24.516,24.413,24.407,24.412,24.399,24.468,24.545,24.649,24.811,24.893,24.903,25.14,25.261,25.439,25.546,25.751,25.997,26.237,26.484,26.564,26.834,27.118,27.447,27.763
"36","28","        Intermediate goods and services purchased \3\","W087RG3",11.771,11.914,12.974,12.934,13.449,13.445,14.057,13.864,14.123,13.751,13.635,13.577,13.87,14.36,14.439,15.397,16.061,15.528,15.654,15.884,14.484,15.055,15.175,15.685,15.277,15.295,15.249,15.476,16.027,15.677,16.097,16.165,16.639,16.829,17.182,17.512,17.56,17.792,17.668,17.724,18.432,18.388,18.417,18.51,18.71,18.758,18.755,18.807,17.705,17.266,16.659,16.797,16.675,16.939,16.985,17.648,17.358,17.492,17.342,17.498,17.833,17.996,17.988,17.674,17.948,17.846,17.589,18.072,18.083,17.923,18.503,18.202,18.408,18.521,18.781,19.1,18.875,18.566,19.621,19.588,19.644,19.859,20.154,20.244,20.288,20.646,20.634,21.013,20.933,21.558
"37","29","          Durable goods","A998RG3",16.406,16.56,17.182,17.447,17.631,17.73,18.539,18.602,18.856,18.194,18.153,18.297,18.746,18.9,19.072,20.443,20.305,20.351,20.355,20.57,20.686,20.912,21.157,21.397,21.302,21.461,21.357,21.534,21.408,21.664,22.291,22.737,22.259,22.381,22.87,23.646,23.991,24.289,24.372,24.683,25.356,25.49,25.764,26.138,26.071,25.968,26.159,26.376,26.448,26.592,26.739,26.814,26.794,26.755,26.821,26.788,26.836,26.894,27.017,27.104,27.177,27.292,27.472,27.916,28.1,28.304,28.085,28.025,27.957,27.935,27.94,28.017,28.101,28.265,28.354,28.36,28.473,28.654,28.822,29.062,28.972,29.16,29.527,29.403,30.025,30.335,30.573,30.936,31.042,31.485
"38","30","          Nondurable goods","A725RG3",7.811,8.484,8.874,9.553,10.766,10.798,10.957,10.852,10.482,9.896,9.735,9.704,9.634,9.788,10.415,10.982,10.271,10.306,10.286,10.299,9.47,9.443,9.449,9.469,9.112,9.041,8.994,9.028,10.48,10.494,10.451,10.57,11.625,11.703,11.887,12.12,12.367,12.466,12.429,12.4,13.066,13.069,12.818,12.635,12.377,12.082,12.258,12.231,12.432,12.24,12.171,12.121,12.265,12.383,12.459,12.467,12.377,12.259,12.2,12.18,12.206,12.16,12.204,12.147,11.953,11.897,11.923,11.857,11.853,11.782,11.869,11.819,11.977,11.951,12.086,12.123,12.234,12.322,12.621,12.437,12.445,12.463,12.488,12.528,12.519,12.571,12.594,12.644,12.738,12.777
"39","31","          Services","A489RG3",13.339,12.763,14.398,13.878,14.012,13.928,14.825,14.365,15.236,15.193,15.048,14.862,15.379,16.509,15.994,17.042,19.788,18.148,18.5,18.943,15.326,16.921,17.077,18.449,17.609,17.606,17.654,18.188,18.36,16.778,17.547,17.063,18.126,18.528,18.932,19.049,18.791,19.053,18.703,18.629,19.509,19.353,19.356,19.428,20.002,20.256,20.03,19.955,17.492,16.592,15.366,15.629,15.426,15.895,15.945,17.069,16.582,16.802,16.546,16.783,17.322,17.59,17.505,16.86,17.351,17.14,16.771,17.621,17.658,17.434,18.354,17.844,18.105,18.261,18.625,19.159,18.675,17.985,19.735,19.699,19.832,20.175,20.615,20.788,20.7,21.283,21.165,21.775,21.505,22.578
"40","32","      Less: Own-account investment \4\","W088RG3",9.264,9.478,9.883,10.15,9.737,9.642,9.556,9.41,9.939,9.797,9.827,10.022,9.91,9.619,9.752,9.744,11.308,11.024,10.872,10.88,11.244,11.253,11.266,11.366,11.406,11.534,11.365,11.469,11.423,11.536,11.446,11.408,11.505,11.681,11.554,11.529,11.626,11.86,11.89,11.892,12.027,12.114,12.196,12.283,12.714,12.868,12.903,12.864,12.927,12.91,12.847,12.794,12.856,12.799,13.26,13.284,13.313,13.2,13.164,13.17,13.247,13.135,13.128,13.402,13.422,13.403,13.401,13.433,13.6,13.547,13.748,13.715,13.719,13.769,13.834,14.004,14.137,14.135,14.214,14.195,14.262,14.348,14.436,14.877,14.966,15.137,15.49,15.733,15.814,15.911
"41","33","            Sales to other sectors","W089RG3",10.379,10.797,11.058,11.32,11.483,11.631,11.968,11.773,12.16,12.085,11.792,11.71,11.767,11.952,12.139,12.646,12.963,12.91,12.865,12.964,12.951,13.048,13.277,13.21,13.419,13.741,13.423,13.402,13.56,13.979,13.901,14.59,14.252,14.468,14.051,14.34,14.272,14.377,14.428,14.563,14.949,15.041,15.082,14.93,15.318,15.311,15.385,15.511,15.612,15.741,15.817,15.913,15.953,15.959,15.984,15.981,15.998,16.025,16.026,15.97,16.093,16.086,16.034,16.076,16.115,16.232,16.187,16.33,16.389,16.561,16.519,16.466,16.471,16.481,16.483,16.532,16.439,16.523,16.58,16.678,16.778,16.92,17.076,17.287,17.658,17.775,18.105,17.996,18.33,18.425
"42","34","    Nondefense consumption expenditures \1\","A542RG3",8.552,8.095,9.103,9.123,8.624,8.344,8.269,8.205,8.954,9.025,8.874,9.209,9.276,9.155,8.813,8.085,9.683,9.171,9.004,9.099,9.557,9.641,9.744,9.934,9.948,10.06,9.958,10.106,9.936,10.154,10.055,10.165,10.54,10.729,10.518,10.542,10.55,10.721,10.908,10.771,10.929,11.12,11.141,11.399,11.761,12.094,12.039,12.114,12.194,12.048,11.843,11.839,11.891,11.893,12.32,12.426,12.61,12.53,12.554,12.583,12.869,12.841,12.87,13.252,13.063,13.114,13.201,13.279,13.574,13.735,14.048,14.076,14.163,14.18,14.295,14.565,14.767,14.78,14.967,15.084,15.102,15.232,15.327,15.514,15.92,16.14,16.497,16.799,16.821,16.931
"43","35","      Gross output of general government","W128RG3",8.08,8.386,9.109,9.166,8.617,8.396,8.324,8.226,8.978,9.041,8.88,9.205,9.281,9.172,8.853,8.144,9.707,9.225,9.06,9.146,9.582,9.676,9.761,9.939,9.954,10.066,9.969,10.114,9.976,10.152,10.064,10.177,10.551,10.732,10.527,10.553,10.566,10.752,10.935,10.823,10.986,11.153,11.179,11.415,11.791,12.101,12.032,12.105,12.179,12.054,11.862,11.87,11.916,11.922,12.324,12.424,12.602,12.525,12.546,12.579,12.859,12.833,12.865,13.233,13.065,13.108,13.201,13.285,13.571,13.733,14.037,14.064,14.152,14.168,14.284,14.553,14.748,14.772,14.954,15.066,15.079,15.206,15.312,15.515,15.908,16.133,16.493,16.816,16.875,16.974
"44","36","        Value added","W129RG3",4.832,5.03,5.542,5.522,5.048,4.944,4.865,4.79,5.454,5.424,5.393,5.689,5.614,5.376,5.37,5.082,6.16,5.743,5.558,5.526,5.894,5.95,6.001,6.143,6.248,6.346,6.203,6.248,6.191,6.279,6.283,6.366,6.516,6.796,6.776,6.803,6.924,7.148,7.185,7.16,7.259,7.357,7.423,7.574,7.977,8.198,8.302,8.338,8.367,8.397,8.415,8.407,8.435,8.385,8.83,8.929,9.04,9.09,9.144,9.155,9.254,9.23,9.233,9.653,9.698,9.741,9.751,9.794,10.19,10.195,10.432,10.456,10.539,10.656,10.738,10.971,11.078,11.091,11.201,11.186,11.23,11.265,11.29,11.761,11.945,12.098,12.424,12.706,12.65,12.696
"45","37","          Compensation of general government employees","W130RG3",3.669,3.839,4.149,4.226,3.806,3.712,3.59,3.554,4.109,4.082,4.144,4.393,4.325,4.097,4.102,3.817,4.737,4.387,4.235,4.244,4.565,4.619,4.62,4.746,4.802,4.941,4.807,4.866,4.82,4.92,4.879,4.967,5.108,5.353,5.323,5.362,5.46,5.659,5.725,5.707,5.779,5.86,5.906,6.048,6.424,6.61,6.713,6.732,6.767,6.782,6.781,6.768,6.79,6.724,7.167,7.244,7.316,7.369,7.401,7.444,7.505,7.477,7.495,7.846,7.877,7.907,7.878,7.932,8.281,8.305,8.512,8.529,8.603,8.685,8.77,8.985,9.075,9.065,9.153,9.13,9.166,9.187,9.198,9.627,9.777,9.901,10.189,10.438,10.352,10.366
"46","38","          Consumption of general government fixed capital \2\","B546RG3",20.122,20.363,24.648,22.516,21.81,21.748,23.131,22.219,23.617,23.613,21.207,21.787,21.715,21.963,21.658,22.519,24.093,23.247,22.78,21.799,22.261,22.187,23.352,23.452,24.458,23.327,23.324,22.946,22.764,22.404,23.404,23.178,23.198,23.616,23.895,23.571,23.927,24.172,23.46,23.328,23.817,24.058,24.427,24.395,24.365,24.848,24.665,25.046,24.847,25.159,25.614,25.751,25.882,26.456,25.497,25.859,26.668,26.462,26.955,26.059,26.872,27.034,26.622,27.568,27.857,28.086,29.095,28.737,29.157,28.701,29.003,29.115,29.221,29.857,29.717,29.828,30.093,30.543,30.881,31.063,31.165,31.399,31.636,32.13,32.638,33.079,33.585,34.032,34.577,35.139
"47","39","        Intermediate goods and services purchased \3\","W131RG3",17.808,18.22,18.903,19.239,19.72,18.883,18.723,18.594,19.546,19.923,19.043,18.807,18.689,18.585,18.715,19.288,17.91,17.855,18.196,19.19,19.261,19.498,19.718,19.918,19.561,19.759,19.842,20.28,19.913,20.309,19.916,20.105,21.1,20.986,20.288,20.265,19.829,19.767,20.547,20.085,20.438,20.836,20.529,21.038,20.938,21.47,20.642,20.924,21.166,20.645,19.989,20.041,20.1,20.32,20.395,20.498,20.827,20.311,20.203,20.298,21.108,21.069,21.157,21.358,20.642,20.675,20.978,21.153,21.151,21.678,22.134,22.171,22.271,22.028,22.221,22.567,22.959,23.006,23.367,23.832,23.753,24.107,24.44,23.841,24.775,25.174,25.566,25.956,26.32,26.547
"48","40","          Durable goods","A543RG3",35.066,35.375,42.955,39.148,38.65,38.373,40.797,38.184,41.161,39.789,38.454,37.935,38.497,39.342,38.893,40.208,43.21,40.344,40.433,38.315,40.4,39.954,40.035,40.29,41.016,39.672,41.473,41.508,41.063,39.621,40.423,40.217,41.164,41.64,41.772,40.292,40.366,40.423,40.567,40.139,40.224,40.299,40.735,40.941,41.882,42.005,42.291,43.408,47.048,48.906,48.99,51.574,54.189,57.139,57.789,58.696,58.727,59.405,57.522,59.087,60.369,61.006,60.392,61.782,63.191,63.714,63.67,64.872,67.379,69.751,67.231,66.721,64.928,63.795,63.439,63.958,63.984,64.481,64.728,65.288,65.563,65.784,66.192,66.769,68.091,68.603,69.035,69.778,69.924,70.285
"49","41","          Nondurable goods","ZZZZZZ3",NA,NA,NA,NA,NA,NA,NA,NA,NA,NA,NA,NA,NA,NA,NA,NA,NA,NA,NA,NA,NA,NA,NA,NA,NA,NA,NA,NA,NA,NA,NA,NA,NA,NA,NA,NA,NA,NA,NA,NA,NA,NA,NA,NA,NA,NA,NA,NA,NA,NA,NA,NA,NA,NA,NA,NA,NA,NA,NA,NA,NA,NA,NA,NA,NA,NA,NA,NA,NA,NA,NA,NA,NA,NA,NA,NA,NA,NA,NA,NA,NA,NA,NA,NA,NA,NA,NA,NA,NA,NA
"50","42","            Commodity Credit Corporation inventory change","ZZZZZZ3",NA,NA,NA,NA,NA,NA,NA,NA,NA,NA,NA,NA,NA,NA,NA,NA,NA,NA,NA,NA,NA,NA,NA,NA,NA,NA,NA,NA,NA,NA,NA,NA,NA,NA,NA,NA,NA,NA,NA,NA,NA,NA,NA,NA,NA,NA,NA,NA,NA,NA,NA,NA,NA,NA,NA,NA,NA,NA,NA,NA,NA,NA,NA,NA,NA,NA,NA,NA,NA,NA,NA,NA,NA,NA,NA,NA,NA,NA,NA,NA,NA,NA,NA,NA,NA,NA,NA,NA,NA,NA
"51","43","            Other nondurable goods","B828RG3",18.004,16.898,16.582,16.137,18.726,15.751,16.072,16.561,16.432,18.798,15.85,15.984,17.343,20.022,19.616,17.323,17.714,18.179,17.788,18.556,18.98,20.667,20.669,20.538,18.804,20.443,20.553,21.482,22.033,22.597,21.854,19.905,23.345,23.911,19.885,20.572,21.196,21.781,22.051,21.882,21.625,22.243,21.903,22.698,23.139,24.777,22.965,22.679,22.843,22.81,23.014,23.41,24.788,23.566,23.711,23.899,26.426,24.11,24.34,24.534,26.496,25.043,25.238,25.592,25.715,25.708,25.949,26.716,26.435,26.376,26.637,27.162,28.493,27.225,27.506,27.875,28.49,28.432,29.116,29.295,29.324,29.62,29.923,30.121,30.557,30.958,31.189,31.35,31.52,31.587
"52","44","          Services","A544RG3",11.195,11.244,12.451,12.91,12.98,13.237,13.405,13.449,13.304,13.253,12.917,12.78,12.879,12.737,12.835,12.815,13.416,13.031,13.307,13.659,14.108,13.915,14.089,14.378,14.293,14.454,14.568,14.984,14.215,15.011,14.401,15.076,15.406,15.529,15.175,15.048,15.167,15.31,15.783,15.998,16.294,16.539,16.477,16.491,16.357,16.6,16.315,16.84,15.808,16.034,16.204,16.414,16.2,16.291,16.423,16.458,16.288,16.401,16.398,16.532,16.934,16.879,16.997,17.097,16.506,16.594,16.732,17.086,17.003,17.281,17.366,17.458,17.622,17.735,17.913,18.06,18.207,18.423,18.606,18.764,18.891,19.179,19.455,19.823,19.844,20.048,20.348,20.711,21.147,21.509
"53","45","      Less: Own-account investment \4\","W136RG3",6.218,6.354,6.634,6.708,6.373,6.3,6.23,6.227,6.723,6.737,6.801,7.025,6.971,6.813,6.845,6.639,7.422,7.13,7.054,7.113,7.363,7.503,7.491,7.637,7.666,7.795,7.66,7.816,7.769,7.925,7.886,8.045,8.176,8.403,8.362,8.415,8.53,8.711,8.804,8.851,8.957,9.02,9.126,9.29,9.595,9.859,9.893,9.934,10.031,10.084,10.168,10.253,10.281,10.332,10.666,10.809,10.866,10.921,10.944,11.003,11.15,11.149,11.195,11.514,11.545,11.611,11.631,11.817,12.08,12.165,12.358,12.376,12.501,12.581,12.683,12.877,12.949,13.007,13.159,13.187,13.278,13.345,13.407,13.882,14,14.111,14.421,14.662,14.748,14.854
"54","46","            Sales to other sectors","W137RG3",9.52,12.839,11.341,12.232,11.442,12.056,12.288,11.426,12.375,12.229,11.62,11.54,12.007,12.047,12.265,12.092,13.155,13.085,12.887,12.771,12.724,13.193,12.847,12.615,12.713,12.748,12.796,12.43,13.297,12.676,12.787,12.785,13.395,13.558,13.325,13.36,13.444,13.943,13.949,14.43,14.615,14.488,14.516,14.504,15.135,15.095,14.862,14.857,14.644,14.839,14.792,15.052,14.993,15.046,14.698,14.532,14.679,14.558,14.447,14.561,14.792,14.835,14.993,14.949,15.103,14.996,15.471,15.687,15.675,15.935,15.926,15.928,16.037,15.944,16.155,16.493,16.499,16.917,16.957,16.937,16.718,16.828,17.374,17.862,18.122,18.628,19.165,20.199,21.436,21.151
"55","47","State and local consumption expenditures \1\","A991RG3",6.188,6.294,6.408,6.616,6.86,6.994,7.263,7.405,7.327,7.224,7.252,7.22,7.24,7.324,7.523,7.693,7.892,7.99,8.136,8.264,8.317,8.406,8.559,8.621,8.709,8.722,8.717,8.793,8.854,9.026,9.149,9.193,9.209,9.248,9.304,9.408,9.596,9.673,9.813,9.921,10.048,10.187,10.257,10.308,10.387,10.468,10.511,10.576,10.723,10.799,10.834,10.891,11.052,11.127,11.195,11.256,11.336,11.48,11.587,11.709,11.888,11.934,11.954,12.03,12.161,12.234,12.263,12.375,12.447,12.523,12.594,12.655,12.784,12.842,12.962,13.072,13.289,13.495,13.719,13.906,14.2,14.407,14.614,14.8,15.007,15.213,15.401,15.664,15.886,16.19
"56","48","      Gross output of general government","W138RG3",5.98,6.083,6.195,6.392,6.626,6.741,6.992,7.113,7.04,6.943,6.969,6.945,6.964,7.045,7.235,7.398,7.59,7.678,7.81,7.928,7.98,8.061,8.2,8.257,8.336,8.352,8.356,8.425,8.482,8.631,8.739,8.781,8.801,8.839,8.889,8.982,9.152,9.225,9.354,9.455,9.577,9.705,9.772,9.823,9.896,9.968,10.015,10.075,10.201,10.273,10.31,10.373,10.518,10.603,10.676,10.737,10.811,10.927,11.022,11.129,11.291,11.333,11.361,11.43,11.543,11.611,11.647,11.75,11.818,11.885,11.956,12.016,12.133,12.195,12.309,12.414,12.61,12.795,13.006,13.172,13.426,13.611,13.804,13.972,14.169,14.365,14.548,14.793,14.999,15.286
"57","49","        Value added","W139RG3",4.904,4.983,5.077,5.251,5.448,5.596,5.816,5.955,5.898,5.818,5.843,5.812,5.828,5.905,6.057,6.188,6.35,6.443,6.594,6.704,6.749,6.839,6.978,7.041,7.124,7.13,7.11,7.179,7.25,7.419,7.54,7.582,7.59,7.625,7.67,7.761,7.931,7.996,8.117,8.214,8.311,8.444,8.516,8.567,8.639,8.718,8.743,8.798,8.906,8.957,8.987,9.037,9.208,9.286,9.356,9.421,9.491,9.629,9.733,9.852,10.026,10.077,10.1,10.184,10.31,10.381,10.415,10.533,10.598,10.673,10.745,10.791,10.933,10.978,11.086,11.175,11.396,11.582,11.783,11.973,12.256,12.457,12.667,12.848,13.033,13.234,13.428,13.676,13.861,14.141
"58","50","          Compensation of general government employees","B251RG3",4.29,4.339,4.41,4.564,4.739,4.872,5.081,5.221,5.17,5.114,5.154,5.135,5.197,5.285,5.412,5.496,5.603,5.668,5.805,5.911,5.977,6.05,6.167,6.269,6.335,6.364,6.353,6.455,6.556,6.692,6.833,6.868,6.906,6.938,6.937,7.014,7.159,7.202,7.308,7.398,7.499,7.623,7.702,7.773,7.879,7.949,7.963,8.018,8.128,8.188,8.229,8.29,8.472,8.554,8.628,8.695,8.768,8.911,9.019,9.142,9.315,9.361,9.382,9.464,9.594,9.662,9.696,9.814,9.88,9.957,10.03,10.076,10.213,10.248,10.354,10.439,10.664,10.833,11.032,11.216,11.509,11.722,11.925,12.101,12.265,12.467,12.675,12.904,13.074,13.332
"59","51","          Consumption of general government fixed capital \2\","B986RG3",13.254,13.783,14.215,14.669,15.159,15.499,15.829,15.901,15.776,15.322,15.081,14.857,14.118,13.978,14.474,15.338,16.335,16.878,17.193,17.34,17.011,17.365,17.806,17.225,17.555,17.186,17.028,16.549,16.107,16.751,16.52,16.65,16.179,16.255,17.008,17.302,17.812,18.216,18.531,18.705,18.716,18.956,18.891,18.607,18.115,18.322,18.506,18.545,18.591,18.483,18.346,18.213,18.158,18.146,18.144,18.144,18.158,18.188,18.189,18.23,18.384,18.491,18.527,18.626,18.669,18.752,18.79,18.874,18.917,18.944,18.979,19.021,19.201,19.388,19.49,19.621,19.738,20.136,20.32,20.551,20.63,20.621,20.892,21.107,21.554,21.697,21.646,22.127,22.48,23.032
"60","52","        Intermediate goods and services purchased \3\","W140RG3",10.461,10.674,10.857,11.128,11.511,11.404,11.765,11.756,11.61,11.453,11.48,11.497,11.524,11.609,11.962,12.26,12.576,12.621,12.631,12.763,12.846,12.855,12.963,12.971,13.001,13.07,13.214,13.26,13.22,13.209,13.213,13.253,13.332,13.376,13.449,13.529,13.654,13.756,13.897,13.99,14.225,14.277,14.296,14.331,14.394,14.415,14.569,14.642,14.834,15.004,15.067,15.185,15.166,15.267,15.337,15.366,15.444,15.421,15.449,15.469,15.536,15.522,15.571,15.547,15.569,15.612,15.648,15.655,15.727,15.738,15.79,15.913,15.883,16.015,16.145,16.307,16.348,16.497,16.726,16.754,16.837,16.918,17.005,17.091,17.316,17.462,17.578,17.778,18.052,18.333
"61","53","          Durable goods","B989RG3",16.761,17.037,17.26,17.608,17.822,18.185,19.197,19.726,19.852,18.889,18.689,18.647,18.68,18.983,19.895,21.035,21.53,21.717,21.551,21.845,22.087,22.033,22.08,22.024,22.329,22.099,22.012,22.073,21.97,22.594,22.813,23.1,23.713,24.024,24.896,25.592,26.056,25.581,25.507,25.685,25.332,24.996,24.779,24.659,24.684,24.694,24.924,25.5,24.374,25.029,24.777,24.912,25.057,25.085,25.293,25.277,25.91,26.014,25.999,26.635,26.138,26.032,26.222,26.111,26.074,26.719,26.802,26.799,26.825,27.277,27.261,27.273,27.273,27.793,27.706,27.749,28.324,28.694,28.979,29.302,29.23,29.656,29.947,30.014,30.484,30.992,30.989,31.323,31.789,32.018
"62","54","          Nondurable goods","B337RG3",13.138,13.566,13.791,14.34,15.057,15.139,15.246,14.995,14.431,13.953,13.894,13.875,13.882,14.077,14.756,15.321,15.978,15.98,15.948,16.041,15.868,15.694,15.754,15.618,15.564,15.702,16.009,15.93,15.859,15.796,15.658,15.646,15.74,15.731,15.786,15.848,16.056,16.209,16.276,16.363,16.844,16.934,16.836,16.767,16.608,16.477,16.583,16.608,16.092,16.214,16.186,16.275,16.179,16.314,16.394,16.435,16.522,16.417,16.419,16.42,16.522,16.478,16.544,16.503,16.558,16.567,16.638,16.644,16.742,16.619,16.675,16.801,16.778,16.957,17.164,17.396,17.464,17.591,17.888,17.839,17.878,17.918,18.045,18.086,18.257,18.408,18.546,18.652,18.773,19.085
"63","55","          Services","A988RG3",8.433,8.51,8.663,8.762,8.952,8.724,9.19,9.303,9.403,9.479,9.571,9.611,9.647,9.652,9.779,9.884,9.997,10.061,10.102,10.245,10.459,10.572,10.706,10.798,10.863,10.904,10.965,11.079,11.061,11.049,11.121,11.177,11.223,11.285,11.331,11.394,11.456,11.552,11.738,11.827,11.957,12.009,12.099,12.199,12.383,12.487,12.663,12.736,13.454,13.63,13.774,13.912,13.94,14.023,14.079,14.102,14.143,14.17,14.219,14.219,14.292,14.305,14.335,14.328,14.329,14.362,14.371,14.38,14.438,14.515,14.569,14.694,14.657,14.737,14.829,14.953,14.949,15.101,15.283,15.343,15.458,15.545,15.597,15.709,15.952,16.075,16.184,16.428,16.775,17.04
"64","56","      Less: Own-account investment \4\","W144RG3",6.542,6.619,6.731,6.971,7.244,7.45,7.769,7.98,7.888,7.798,7.857,7.831,7.928,8.066,8.261,8.389,8.551,8.644,8.853,9.013,9.113,9.221,9.402,9.559,9.66,9.706,9.69,9.845,9.996,10.206,10.418,10.471,10.529,10.579,10.578,10.696,10.916,10.981,11.142,11.279,11.432,11.623,11.742,11.852,12.018,12.125,12.147,12.226,11.92,12.016,12.038,12.086,12.206,12.259,12.305,12.357,12.415,12.479,12.542,12.598,12.707,12.729,12.737,12.783,12.888,12.939,12.926,12.99,13.014,13.047,13.096,13.205,13.299,13.342,13.433,13.541,13.657,13.825,14.021,14.189,14.393,14.554,14.695,14.856,15.055,15.238,15.419,15.635,15.851,16.094
"65","57","            Sales to other sectors","W145RG3",5.382,5.485,5.598,5.739,5.925,5.9,6.042,6.012,5.961,5.901,5.909,5.941,5.952,6.011,6.166,6.311,6.481,6.513,6.544,6.603,6.652,6.679,6.73,6.747,6.762,6.805,6.884,6.893,6.913,6.908,6.908,6.938,6.983,7.018,7.047,7.065,7.127,7.188,7.253,7.312,7.414,7.471,7.515,7.562,7.593,7.619,7.697,7.731,7.787,7.84,7.895,8.012,8.078,8.247,8.363,8.439,8.49,8.428,8.454,8.489,8.566,8.593,8.677,8.715,8.729,8.774,8.861,8.929,8.986,9.007,9.087,9.145,9.199,9.291,9.386,9.468,9.564,9.645,9.803,9.864,9.92,10.002,10.134,10.219,10.374,10.525,10.694,10.858,10.993,11.207
"66","58","              Tuition and related educational charges","B1065G3",3.461,3.492,3.554,3.616,3.677,3.708,3.739,3.77,3.77,3.77,3.77,3.77,3.801,3.832,3.863,3.925,3.986,4.017,4.048,4.048,4.048,4.048,4.048,4.048,4.048,4.048,4.079,4.11,4.141,4.172,4.172,4.203,4.234,4.264,4.326,4.326,4.388,4.419,4.481,4.481,4.512,4.543,4.543,4.573,4.573,4.604,4.604,4.635,4.726,4.787,4.89,4.959,4.944,4.951,4.959,5.006,5.036,5.045,5.132,5.17,5.195,5.298,5.285,5.329,5.372,5.411,5.48,5.572,5.592,5.636,5.724,5.756,5.814,5.922,5.942,6.017,6.066,6.183,6.297,6.366,6.414,6.518,6.57,6.664,6.775,6.851,7.01,7.117,7.213,7.342
"67","59","              Health and hospital charges","B1066G3",3.235,3.354,3.474,3.552,3.631,3.67,3.709,3.709,3.709,3.748,3.748,3.787,3.786,3.865,3.944,4.024,4.104,4.184,4.264,4.304,4.343,4.383,4.462,4.503,4.543,4.583,4.623,4.623,4.663,4.664,4.704,4.744,4.783,4.863,4.864,4.864,4.904,4.944,4.985,5.065,5.106,5.186,5.266,5.346,5.385,5.425,5.503,5.542,5.504,5.538,5.63,5.853,5.951,6.319,6.546,6.669,6.623,6.539,6.503,6.509,6.568,6.657,6.723,6.787,6.81,6.848,6.946,7.004,7.111,7.17,7.218,7.313,7.348,7.409,7.44,7.467,7.51,7.584,7.679,7.818,7.944,8.056,8.203,8.328,8.48,8.626,8.757,8.904,9.035,9.209
"68","60","              Other sales","W146RG3",10.584,10.756,10.941,11.235,11.647,11.531,11.88,11.784,11.642,11.439,11.461,11.517,11.536,11.621,11.962,12.264,12.632,12.644,12.654,12.779,12.878,12.92,12.994,13.008,13.017,13.101,13.27,13.282,13.293,13.264,13.233,13.266,13.344,13.36,13.411,13.462,13.572,13.691,13.81,13.902,14.143,14.212,14.255,14.29,14.336,14.347,14.491,14.528,14.707,14.792,14.783,14.821,14.912,14.998,15.095,15.166,15.352,15.254,15.317,15.392,15.547,15.463,15.656,15.671,15.661,15.732,15.845,15.929,15.976,15.948,16.077,16.129,16.216,16.355,16.601,16.771,16.99,17.072,17.373,17.35,17.338,17.381,17.589,17.628,17.852,18.099,18.356,18.617,18.811,19.193
"69",NA,NA,NA,NA,NA,NA,NA,NA,NA,NA,NA,NA,NA,NA,NA,NA,NA,NA,NA,NA,NA,NA,NA,NA,NA,NA,NA,NA,NA,NA,NA,NA,NA,NA,NA,NA,NA,NA,NA,NA,NA,NA,NA,NA,NA,NA,NA,NA,NA,NA,NA,NA,NA,NA,NA,NA,NA,NA,NA,NA,NA,NA,NA,NA,NA,NA,NA,NA,NA,NA,NA,NA,NA,NA,NA,NA,NA,NA,NA,NA,NA,NA,NA,NA,NA,NA,NA,NA,NA,NA,NA,NA,NA
"70","1. Government consumption expenditures are services (such as education and national defense) produced by government that",NA,NA,NA,NA,NA,NA,NA,NA,NA,NA,NA,NA,NA,NA,NA,NA,NA,NA,NA,NA,NA,NA,NA,NA,NA,NA,NA,NA,NA,NA,NA,NA,NA,NA,NA,NA,NA,NA,NA,NA,NA,NA,NA,NA,NA,NA,NA,NA,NA,NA,NA,NA,NA,NA,NA,NA,NA,NA,NA,NA,NA,NA,NA,NA,NA,NA,NA,NA,NA,NA,NA,NA,NA,NA,NA,NA,NA,NA,NA,NA,NA,NA,NA,NA,NA,NA,NA,NA,NA,NA,NA,NA
"71","are valued at their cost of production. Excludes government sales to other sectors and government own-account investment",NA,NA,NA,NA,NA,NA,NA,NA,NA,NA,NA,NA,NA,NA,NA,NA,NA,NA,NA,NA,NA,NA,NA,NA,NA,NA,NA,NA,NA,NA,NA,NA,NA,NA,NA,NA,NA,NA,NA,NA,NA,NA,NA,NA,NA,NA,NA,NA,NA,NA,NA,NA,NA,NA,NA,NA,NA,NA,NA,NA,NA,NA,NA,NA,NA,NA,NA,NA,NA,NA,NA,NA,NA,NA,NA,NA,NA,NA,NA,NA,NA,NA,NA,NA,NA,NA,NA,NA,NA,NA,NA,NA
"72","(construction and software).",NA,NA,NA,NA,NA,NA,NA,NA,NA,NA,NA,NA,NA,NA,NA,NA,NA,NA,NA,NA,NA,NA,NA,NA,NA,NA,NA,NA,NA,NA,NA,NA,NA,NA,NA,NA,NA,NA,NA,NA,NA,NA,NA,NA,NA,NA,NA,NA,NA,NA,NA,NA,NA,NA,NA,NA,NA,NA,NA,NA,NA,NA,NA,NA,NA,NA,NA,NA,NA,NA,NA,NA,NA,NA,NA,NA,NA,NA,NA,NA,NA,NA,NA,NA,NA,NA,NA,NA,NA,NA,NA,NA
"73","2. Consumption of fixed capital, or depreciation, is included in government gross output as",NA,NA,NA,NA,NA,NA,NA,NA,NA,NA,NA,NA,NA,NA,NA,NA,NA,NA,NA,NA,NA,NA,NA,NA,NA,NA,NA,NA,NA,NA,NA,NA,NA,NA,NA,NA,NA,NA,NA,NA,NA,NA,NA,NA,NA,NA,NA,NA,NA,NA,NA,NA,NA,NA,NA,NA,NA,NA,NA,NA,NA,NA,NA,NA,NA,NA,NA,NA,NA,NA,NA,NA,NA,NA,NA,NA,NA,NA,NA,NA,NA,NA,NA,NA,NA,NA,NA,NA,NA,NA,NA,NA
"74","a partial measure of the services of general government fixed assets; the use of depreciation",NA,NA,NA,NA,NA,NA,NA,NA,NA,NA,NA,NA,NA,NA,NA,NA,NA,NA,NA,NA,NA,NA,NA,NA,NA,NA,NA,NA,NA,NA,NA,NA,NA,NA,NA,NA,NA,NA,NA,NA,NA,NA,NA,NA,NA,NA,NA,NA,NA,NA,NA,NA,NA,NA,NA,NA,NA,NA,NA,NA,NA,NA,NA,NA,NA,NA,NA,NA,NA,NA,NA,NA,NA,NA,NA,NA,NA,NA,NA,NA,NA,NA,NA,NA,NA,NA,NA,NA,NA,NA,NA,NA
"75","assumes a zero net return on these assets.",NA,NA,NA,NA,NA,NA,NA,NA,NA,NA,NA,NA,NA,NA,NA,NA,NA,NA,NA,NA,NA,NA,NA,NA,NA,NA,NA,NA,NA,NA,NA,NA,NA,NA,NA,NA,NA,NA,NA,NA,NA,NA,NA,NA,NA,NA,NA,NA,NA,NA,NA,NA,NA,NA,NA,NA,NA,NA,NA,NA,NA,NA,NA,NA,NA,NA,NA,NA,NA,NA,NA,NA,NA,NA,NA,NA,NA,NA,NA,NA,NA,NA,NA,NA,NA,NA,NA,NA,NA,NA,NA,NA
"76","3. Includes general government intermediate inputs for goods and services sold to other sectors and",NA,NA,NA,NA,NA,NA,NA,NA,NA,NA,NA,NA,NA,NA,NA,NA,NA,NA,NA,NA,NA,NA,NA,NA,NA,NA,NA,NA,NA,NA,NA,NA,NA,NA,NA,NA,NA,NA,NA,NA,NA,NA,NA,NA,NA,NA,NA,NA,NA,NA,NA,NA,NA,NA,NA,NA,NA,NA,NA,NA,NA,NA,NA,NA,NA,NA,NA,NA,NA,NA,NA,NA,NA,NA,NA,NA,NA,NA,NA,NA,NA,NA,NA,NA,NA,NA,NA,NA,NA,NA,NA,NA
"77","for own-account investment.",NA,NA,NA,NA,NA,NA,NA,NA,NA,NA,NA,NA,NA,NA,NA,NA,NA,NA,NA,NA,NA,NA,NA,NA,NA,NA,NA,NA,NA,NA,NA,NA,NA,NA,NA,NA,NA,NA,NA,NA,NA,NA,NA,NA,NA,NA,NA,NA,NA,NA,NA,NA,NA,NA,NA,NA,NA,NA,NA,NA,NA,NA,NA,NA,NA,NA,NA,NA,NA,NA,NA,NA,NA,NA,NA,NA,NA,NA,NA,NA,NA,NA,NA,NA,NA,NA,NA,NA,NA,NA,NA,NA
"78","4. Own-account investment is measured in current dollars by compensation of general government",NA,NA,NA,NA,NA,NA,NA,NA,NA,NA,NA,NA,NA,NA,NA,NA,NA,NA,NA,NA,NA,NA,NA,NA,NA,NA,NA,NA,NA,NA,NA,NA,NA,NA,NA,NA,NA,NA,NA,NA,NA,NA,NA,NA,NA,NA,NA,NA,NA,NA,NA,NA,NA,NA,NA,NA,NA,NA,NA,NA,NA,NA,NA,NA,NA,NA,NA,NA,NA,NA,NA,NA,NA,NA,NA,NA,NA,NA,NA,NA,NA,NA,NA,NA,NA,NA,NA,NA,NA,NA,NA,NA
"79","employees and related expenditures for goods and services and is classified as investment in",NA,NA,NA,NA,NA,NA,NA,NA,NA,NA,NA,NA,NA,NA,NA,NA,NA,NA,NA,NA,NA,NA,NA,NA,NA,NA,NA,NA,NA,NA,NA,NA,NA,NA,NA,NA,NA,NA,NA,NA,NA,NA,NA,NA,NA,NA,NA,NA,NA,NA,NA,NA,NA,NA,NA,NA,NA,NA,NA,NA,NA,NA,NA,NA,NA,NA,NA,NA,NA,NA,NA,NA,NA,NA,NA,NA,NA,NA,NA,NA,NA,NA,NA,NA,NA,NA,NA,NA,NA,NA,NA,NA
"80","structures and in software in table 3.9.5.",NA,NA,NA,NA,NA,NA,NA,NA,NA,NA,NA,NA,NA,NA,NA,NA,NA,NA,NA,NA,NA,NA,NA,NA,NA,NA,NA,NA,NA,NA,NA,NA,NA,NA,NA,NA,NA,NA,NA,NA,NA,NA,NA,NA,NA,NA,NA,NA,NA,NA,NA,NA,NA,NA,NA,NA,NA,NA,NA,NA,NA,NA,NA,NA,NA,NA,NA,NA,NA,NA,NA,NA,NA,NA,NA,NA,NA,NA,NA,NA,NA,NA,NA,NA,NA,NA,NA,NA,NA,NA,NA,NA
